cell_id,scenario,foreground_flows,hot_path_groups,background_utilization,seed,run_id,episode_count,round_count,completed_rounds,valid_completed_rounds,censored_rounds,completion_rate,censor_rate,median_delta_S,literal_no_progress_count,literal_no_progress_rate,no_progress_rate_1us,no_progress_rate_2us,no_progress_rate_4us,low_floor_fraction,completed_round_flow_count,all_valid_rounds_match_scenario,min_capacity_margin_gbps,configured_background_gbps,measured_background_gbps,L_foreground_gbps,C_healthy_gbps,C_hot_residual_gbps,C_effective_residual_gbps,entropy_coverage,physical_path_coverage,mean_qdelay_ps,low_floor_high_spread_occupancy,mean_hold_duration_ps,mean_actual_cwnd_bytes,mean_fifo_depth,virtual_replacements,admission_pass,admission_fail,failed_predicates
coarse-f16-h2-u25,invalid,16,2,0.25,101,coarse_coarse-f16-h2-u25_s101,761,761,689,0,72,0.9053876478318003,0.09461235216819974,,0,,0.0,0.0,0.0,,16,0,,,,,,,,,,,0.891497975708502,20650387.17345598,262926.0,0.4178712220762155,5760,11543,142,coarse_scenario_inference_mixed_capacity_classification;round_censored
coarse-f16-h2-u50,invalid,16,2,0.5,101,coarse_coarse-f16-h2-u50_s101,604,604,537,0,67,0.8890728476821192,0.11092715231788079,,0,,0.0,0.0,0.0,,16,0,,,,,,,,,,,0.9040322580645161,26628694.569536425,262206.8410596026,0.5016556291390728,4504,13462,103,capacity_classification_invalid;capacity_witness_invalid:background_id 1 measured delivery 46.7841 Gbps differs from configured 50 Gbps by more than 5%;coarse_scenario_inference_invalid_completed_evidence;round_censored
coarse-f16-h2-u75,invalid,16,2,0.75,101,coarse_coarse-f16-h2-u75_s101,549,549,461,0,88,0.8397085610200364,0.16029143897996356,,0,,0.0,0.0,0.0,,15,0,,,,,,,,,,,0.8949096880131363,28699833.584699452,249766.03278688525,0.639344262295082,3948,15566,69,capacity_classification_invalid;capacity_witness_invalid:background_id 0 measured delivery 66.1669 Gbps differs from configured 75 Gbps by more than 5%;coarse_scenario_inference_invalid_completed_evidence;round_censored
coarse-f16-h4-u25,invalid,16,4,0.25,101,coarse_coarse-f16-h4-u25_s101,641,641,558,0,83,0.8705148205928237,0.1294851794071763,,0,,0.0,0.0,0.0,,16,0,,,,,,,,,,,0.8875,22197117.248049922,259131.46021840873,0.44773790951638065,4676,10135,102,capacity_classification_invalid;capacity_witness_invalid:background_id 0 measured delivery 23.3107 Gbps differs from configured 25 Gbps by more than 5%;coarse_scenario_inference_invalid_completed_evidence;round_censored
coarse-f16-h4-u50,invalid,16,4,0.5,101,coarse_coarse-f16-h4-u50_s101,395,395,350,0,45,0.8860759493670886,0.11392405063291139,,0,,0.0,0.0,0.0,,16,0,,,,,,,,,,,0.9084507042253521,23432532.637974683,262209.0151898734,0.5392405063291139,2906,6658,73,capacity_classification_invalid;capacity_witness_invalid:background_id 0 measured delivery 31.7057 Gbps differs from configured 50 Gbps by more than 5%;coarse_scenario_inference_invalid_completed_evidence;round_censored
coarse-f16-h4-u75,invalid,16,4,0.75,101,coarse_coarse-f16-h4-u75_s101,512,512,461,0,51,0.900390625,0.099609375,,0,,0.0,0.0,0.0,,16,0,,,,,,,,,,,0.920619554695063,26815503.125,253610.57421875,0.537109375,3799,12438,79,capacity_classification_invalid;capacity_witness_invalid:background_id 0 measured delivery 33.4258 Gbps differs from configured 75 Gbps by more than 5%;coarse_scenario_inference_invalid_completed_evidence;round_censored
coarse-f16-h6-u25,persistent,16,6,0.25,101,coarse_coarse-f16-h6-u25_s101,598,598,546,546,52,0.9130434782608695,0.08695652173913043,-0.0024629601154721814,279,0.510989010989011,0.6172161172161172,0.6904761904761905,0.8168498168498168,1.0,14,1,19.886253311517976,150.0,146.804614226056,1327.9367034013246,1000.0,450.0,1450.0,5,3,11479959.322223129,0.958047292143402,30009426.361204013,262926.0,0.38127090301003347,4473,10181,113,round_censored
coarse-f16-h6-u50,invalid,16,6,0.5,101,coarse_coarse-f16-h6-u50_s101,530,530,446,0,84,0.8415094339622642,0.15849056603773584,,0,,0.0,0.0,0.0,,16,0,,,,,,,,,,,0.8984238178633975,27980428.086792454,249146.69433962263,0.569811320754717,3790,9333,82,capacity_classification_invalid;capacity_witness_invalid:background_id 0 measured delivery 42.5053 Gbps differs from configured 50 Gbps by more than 5%;coarse_scenario_inference_invalid_completed_evidence;round_censored
coarse-f16-h6-u75,invalid,16,6,0.75,101,coarse_coarse-f16-h6-u75_s101,359,359,283,0,76,0.7883008356545961,0.2116991643454039,,0,,0.0,0.0,0.0,,15,0,,,,,,,,,,,0.9084380610412927,41272873.55153203,227444.41782729805,0.7075208913649025,2536,10963,63,capacity_classification_invalid;capacity_witness_invalid:background_id 0 measured delivery 45.2523 Gbps differs from configured 75 Gbps by more than 5%;coarse_scenario_inference_invalid_completed_evidence;round_censored
coarse-f32-h2-u25,invalid,32,2,0.25,101,coarse_coarse-f32-h2-u25_s101,1027,1027,897,0,130,0.8734177215189873,0.12658227848101267,,0,,0.0,0.0,0.0,,30,0,,,,,,,,,,,0.9541864139020537,34609832.28821811,222829.17624148005,0.3193768257059396,7380,8960,164,capacity_classification_invalid;capacity_witness_invalid:background_id 1 measured delivery 23.5504 Gbps differs from configured 25 Gbps by more than 5%;coarse_scenario_inference_invalid_completed_evidence;round_censored
coarse-f32-h2-u50,invalid,32,2,0.5,101,coarse_coarse-f32-h2-u50_s101,1008,1008,889,0,119,0.8819444444444444,0.11805555555555555,,0,,0.0,0.0,0.0,,32,0,,,,,,,,,,,0.951417004048583,34636849.047619045,211332.51785714287,0.4226190476190476,7204,11115,179,capacity_classification_invalid;capacity_witness_invalid:background_id 0 measured delivery 44.7388 Gbps differs from configured 50 Gbps by more than 5%;coarse_scenario_inference_invalid_completed_evidence;round_censored
coarse-f32-h2-u75,invalid,32,2,0.75,101,coarse_coarse-f32-h2-u75_s101,703,703,572,0,131,0.813655761024182,0.18634423897581792,,0,,0.0,0.0,0.0,,31,0,,,,,,,,,,,0.8844444444444445,29476994.594594594,211508.4452347084,0.519203413940256,4949,8358,142,capacity_classification_invalid;capacity_witness_invalid:background_id 0 measured delivery 62.5471 Gbps differs from configured 75 Gbps by more than 5%;coarse_scenario_inference_invalid_completed_evidence;round_censored
coarse-f32-h4-u25,invalid,32,4,0.25,101,coarse_coarse-f32-h4-u25_s101,1053,1053,912,0,141,0.8660968660968661,0.1339031339031339,,0,,0.0,0.0,0.0,,31,0,,,,,,,,,,,0.9357429718875502,32576391.262108263,213707.2136752137,0.38746438746438744,7474,10257,181,capacity_classification_invalid;capacity_witness_invalid:background_id 0 measured delivery 23.6445 Gbps differs from configured 25 Gbps by more than 5%;coarse_scenario_inference_invalid_completed_evidence;round_censored
coarse-f32-h4-u50,invalid,32,4,0.5,101,coarse_coarse-f32-h4-u50_s101,1064,1064,901,0,163,0.8468045112781954,0.15319548872180452,,0,,0.0,0.0,0.0,,30,0,,,,,,,,,,,0.9026629935720845,27413357.739661653,211504.20018796992,0.48966165413533835,7595,12047,205,capacity_classification_invalid;capacity_witness_invalid:background_id 0 measured delivery 41.5212 Gbps differs from configured 50 Gbps by more than 5%;coarse_scenario_inference_invalid_completed_evidence;round_censored
coarse-f32-h4-u75,invalid,32,4,0.75,101,coarse_coarse-f32-h4-u75_s101,551,551,432,0,119,0.7840290381125227,0.2159709618874773,,0,,0.0,0.0,0.0,,29,0,,,,,,,,,,,0.844106463878327,24037887.75136116,228918.9165154265,0.5825771324863884,3816,6883,82,capacity_classification_invalid;capacity_witness_invalid:background_id 0 measured delivery 47.6997 Gbps differs from configured 75 Gbps by more than 5%;coarse_scenario_inference_invalid_completed_evidence;round_censored
coarse-f32-h6-u25,invalid,32,6,0.25,101,coarse_coarse-f32-h6-u25_s101,676,676,593,0,83,0.8772189349112426,0.1227810650887574,,0,,0.0,0.0,0.0,,30,0,,,,,,,,,,,0.954727793696275,36706330.17307692,215599.09171597633,0.4171597633136095,4825,6399,121,capacity_classification_invalid;capacity_witness_invalid:background_id 2 measured delivery 21.8474 Gbps differs from configured 25 Gbps by more than 5%;coarse_scenario_inference_invalid_completed_evidence;round_censored
coarse-f32-h6-u50,invalid,32,6,0.5,101,coarse_coarse-f32-h6-u50_s101,956,956,862,0,94,0.9016736401673641,0.09832635983263599,,0,,0.0,0.0,0.0,,29,0,,,,,,,,,,,0.9460559796437659,28663113.304393306,203259.24581589957,0.5366108786610879,6919,10453,176,capacity_classification_invalid;capacity_witness_invalid:background_id 2 measured delivery 39.5273 Gbps differs from configured 50 Gbps by more than 5%;coarse_scenario_inference_invalid_completed_evidence;round_censored
coarse-f32-h6-u75,invalid,32,6,0.75,101,coarse_coarse-f32-h6-u75_s101,650,650,541,0,109,0.8323076923076923,0.1676923076923077,,0,,0.0,0.0,0.0,,26,0,,,,,,,,,,,0.8881839809674861,27852575.26769231,216252.00153846154,0.6215384615384615,4521,8607,104,capacity_classification_invalid;capacity_witness_invalid:background_id 0 measured delivery 69.4872 Gbps differs from configured 75 Gbps by more than 5%;coarse_scenario_inference_invalid_completed_evidence;round_censored
coarse-f8-h2-u25,invalid,8,2,0.25,101,coarse_coarse-f8-h2-u25_s101,26,26,14,0,12,0.5384615384615384,0.46153846153846156,,0,,0.0,0.0,0.0,,3,0,,,,,,,,,,,0.41935483870967744,7138350.769230769,262926.0,0.3076923076923077,167,241,0,"capacity_classification_invalid;capacity_witness_invalid:background cut queue 'queue(100000Mb/s,875650bytes)CS4->US0(0)' is absent from foreground cut;coarse_scenario_inference_invalid_completed_evidence;round_censored"
coarse-f8-h2-u50,invalid,8,2,0.5,101,coarse_coarse-f8-h2-u50_s101,49,49,27,0,22,0.5510204081632653,0.4489795918367347,,0,,0.0,0.0,0.0,,4,0,,,,,,,,,,,0.7521367521367521,25755990.18367347,237237.97959183675,0.2857142857142857,301,491,4,capacity_classification_invalid;capacity_witness_invalid:background_id 0 measured delivery 46.7156 Gbps differs from configured 50 Gbps by more than 5%;coarse_scenario_inference_invalid_completed_evidence;round_censored
coarse-f8-h2-u75,invalid,8,2,0.75,101,coarse_coarse-f8-h2-u75_s101,67,67,39,0,28,0.582089552238806,0.417910447761194,,0,,0.0,0.0,0.0,,5,0,,,,,,,,,,,0.9039735099337748,59395090.17910448,248279.89552238805,0.4626865671641791,444,2167,9,capacity_classification_invalid;capacity_witness_invalid:background_id 0 measured delivery 48.2731 Gbps differs from configured 75 Gbps by more than 5%;coarse_scenario_inference_invalid_completed_evidence;round_censored
coarse-f8-h4-u25,invalid,8,4,0.25,101,coarse_coarse-f8-h4-u25_s101,9,9,6,0,3,0.6666666666666666,0.3333333333333333,,0,,0.0,0.0,0.0,,1,0,,,,,,,,,,,0.9935483870967742,247961760.0,262926.0,0.4444444444444444,64,769,3,"capacity_classification_invalid;capacity_witness_invalid:background cut queue 'queue(100000Mb/s,875650bytes)CS4->US0(0)' is absent from foreground cut;coarse_scenario_inference_invalid_completed_evidence;round_censored"
coarse-f8-h4-u50,invalid,8,4,0.5,101,coarse_coarse-f8-h4-u50_s101,23,23,6,0,17,0.2608695652173913,0.7391304347826086,,0,,0.0,0.0,0.0,,2,0,,,,,,,,,,,0.4857142857142857,10686386.086956521,257561.47826086957,0.8695652173913043,147,313,3,capacity_classification_invalid;capacity_witness_invalid:background_id 0 measured delivery 29.7375 Gbps differs from configured 50 Gbps by more than 5%;coarse_scenario_inference_invalid_completed_evidence;round_censored
coarse-f8-h4-u75,invalid,8,4,0.75,101,coarse_coarse-f8-h4-u75_s101,31,31,9,0,22,0.2903225806451613,0.7096774193548387,,0,,0.0,0.0,0.0,,3,0,,,,,,,,,,,0.9577114427860697,182105533.0,261375.35483870967,0.6451612903225806,206,4200,5,capacity_classification_invalid;capacity_witness_invalid:background_id 0 measured delivery 41.4527 Gbps differs from configured 75 Gbps by more than 5%;coarse_scenario_inference_invalid_completed_evidence;round_censored
coarse-f8-h6-u25,invalid,8,6,0.25,101,coarse_coarse-f8-h6-u25_s101,69,69,38,0,31,0.5507246376811594,0.4492753623188406,,0,,0.0,0.0,0.0,,6,0,,,,,,,,,,,0.8085106382978723,31673878.20289855,262926.0,0.3188405797101449,423,801,7,"capacity_classification_invalid;capacity_witness_invalid:background cut queue 'queue(100000Mb/s,875650bytes)CS4->US0(0)' is absent from foreground cut;coarse_scenario_inference_invalid_completed_evidence;round_censored"
coarse-f8-h6-u50,invalid,8,6,0.5,101,coarse_coarse-f8-h6-u50_s101,117,117,70,0,47,0.5982905982905983,0.4017094017094017,,0,,0.0,0.0,0.0,,5,0,,,,,,,,,,,0.7950530035335689,27871226.008547008,254769.66666666666,0.3162393162393162,715,1287,7,"capacity_classification_invalid;capacity_witness_invalid:background cut queue 'queue(100000Mb/s,875650bytes)CS4->US0(0)' is absent from foreground cut;coarse_scenario_inference_invalid_completed_evidence;round_censored"
coarse-f8-h6-u75,invalid,8,6,0.75,101,coarse_coarse-f8-h6-u75_s101,109,109,87,0,22,0.7981651376146789,0.2018348623853211,,0,,0.0,0.0,0.0,,7,0,,,,,,,,,,,0.973724884080371,84695349.7706422,239907.2385321101,0.5321100917431193,781,5100,15,capacity_classification_invalid;capacity_witness_invalid:background_id 0 measured delivery 66.9628 Gbps differs from configured 75 Gbps by more than 5%;coarse_scenario_inference_invalid_completed_evidence;round_censored
