seed,path_delay_us
13,3.6645918367346937
13,11.304625
13,8.9945
13,4.881941176470589
13,2.2169999999999996
13,1.6434999999999997
13,10.5994
13,4.3978918918918914
13,9.220526315789474
13,1.832411764705882
13,3.509857142857143
13,1.7772599999999998
13,2.396714285714286
13,10.193272727272728
13,10.64970588235294
13,9.923153846153847
13,3.9401249999999997
13,2.3239333333333327
13,9.415000000000001
13,1.8295
13,10.55975
13,3.47412
13,9.901733333333333
13,4.332785714285714
13,2.1566296296296295
13,10.278
13,10.788
13,8.078266666666666
13,11.60542857142857
13,7.067272727272727
13,2.4934999999999996
13,11.342866666666666
13,3.4166923076923075
13,10.974
13,1.8045666666666664
13,11.205428571428572
13,3.6908846153846153
13,1.4246923076923075
13,10.651714285714286
13,10.483117647058823
13,2.870848484848485
13,2.476378378378378
13,3.7239999999999993
13,11.2734375
13,9.981066666666667
13,2.1658113207547167
13,2.3647407407407406
13,10.248533333333333
13,9.966571428571427
13,7.489733333333334
13,8.683833333333332
13,3.695268292682927
13,1.3896153846153843
13,3.66344
13,7.8875625
13,3.6239999999999997
13,1.460821917808219
13,2.130382978723404
13,8.948099999999998
13,9.908923076923077
13,9.876384615384614
13,9.870090909090909
13,2.2209210526315784
13,1.4381599999999997
13,11.5437
13,3.686657894736842
13,9.542875
13,11.40190909090909
13,2.9895925925925924
13,1.8956666666666666
13,3.7538636363636364
13,9.924999999999999
13,9.220923076923077
13,4.406590909090909
13,1.9298275862068963
13,10.744857142857143
13,10.268749999999999
13,9.472222222222221
13,3.3516551724137926
13,9.4363
13,3.839259259259259
13,10.466444444444445
13,10.313727272727272
13,3.677689655172413
13,3.6466363636363632
13,9.00391304347826
13,3.0545882352941174
13,9.096666666666666
13,8.484857142857143
13,8.795961538461539
13,9.953071428571429
13,9.444727272727272
13,2.6157931034482753
13,1.7559166666666666
13,9.151538461538461
13,1.6767499999999997
13,2.233733333333333
13,9.791545454545453
13,9.2949
13,3.385465517241379
13,10.055636363636363
13,4.715803921568627
13,8.116857142857143
13,2.0264423076923075
13,10.384181818181817
13,10.25
13,4.763375
13,1.7261999999999995
13,8.61515
13,1.9494999999999996
13,2.2725833333333334
13,8.2656
13,3.556190476190476
13,10.102642857142857
13,2.7780624999999994
13,4.768428571428571
13,9.9156875
13,10.19
13,3.535210526315789
13,2.4480999999999997
13,11.296444444444445
13,9.136928571428571
13,3.5972499999999994
13,11.532499999999999
13,2.000696428571428
13,10.66375
13,2.5077
13,10.021636363636363
13,11.069785714285715
13,8.985692307692307
13,0.9438749999999996
13,1.5898571428571426
13,10.46070588235294
13,7.707785714285714
13,10.056615384615384
13,3.2190624999999997
13,2.0081428571428575
13,3.768604166666666
13,9.954
13,4.805916666666667
13,9.422428571428572
13,2.448035714285714
13,3.0976521739130427
13,9.853363636363635
13,1.6420869565217389
13,11.529
13,2.9271818181818183
13,9.448357142857143
13,1.422695652173913
13,9.940777777777777
13,10.691555555555556
13,10.451714285714285
13,8.659928571428571
13,3.6998999999999995
13,2.991878787878788
13,3.062631578947368
13,3.4179999999999997
13,9.8917
13,2.2024285714285714
13,3.971333333333333
13,10.58095
13,4.1715937499999995
13,1.464782608695652
13,4.034093749999999
13,3.751631578947368
13,10.99
13,10.618833333333333
13,1.704238095238095
13,11.194285714285714
13,10.3523
13,9.493500000000001
13,3.6382758620689652
13,11.18211111111111
13,8.920764705882354
13,9.586333333333332
13,8.917933333333334
13,8.361166666666666
13,2.3412999999999995
13,1.8891379310344827
13,9.874699999999999
13,3.251347826086956
13,4.747323529411765
13,10.48990909090909
13,10.647705882352941
13,11.91175
13,2.068
13,11.652333333333333
13,1.9300784313725488
13,10.807599999999999
13,10.955285714285713
13,2.3606999999999996
13,8.466272727272727
13,3.9626037735849056
13,1.9994615384615382
13,7.292
13,11.028166666666667
13,8.96025
13,2.5008974358974356
13,2.185102564102564
13,2.513272727272727
13,3.836133333333333
13,2.9161499999999996
13,1.7131764705882349
13,9.740333333333334
13,8.496666666666666
13,3.1076590909090904
13,11.04476923076923
13,11.392461538461538
13,9.044461538461539
13,9.41025
13,1.99175
13,10.168
13,10.560882352941176
13,2.7943666666666664
13,9.3308
13,3.8244499999999997
13,5.156318181818182
13,1.393
13,8.276352941176471
13,8.642428571428571
13,11.125250000000001
13,9.016666666666666
13,10.9617
13,9.33475
13,10.944222222222223
13,8.199842105263157
13,2.7814285714285707
13,3.5475
13,1.9611428571428569
13,1.7669512195121948
13,10.4585625
13,5.664
13,11.665833333333332
13,9.347466666666666
13,11.279375
13,8.335545454545453
13,7.517133333333333
13,2.2823666666666664
13,9.602285714285713
13,3.019380952380952
13,10.469285714285714
13,4.1395
13,10.824
13,4.329769230769231
13,11.295499999999999
13,11.470363636363636
13,4.219229166666667
13,4.095107142857143
13,10.257499999999999
13,9.2137
13,8.582125
13,2.673
13,9.747
13,9.6611875
13,11.063555555555554
13,11.074
13,10.6047
13,10.487666666666666
13,3.5407826086956518
13,4.015073170731707
13,10.946615384615384
13,11.045066666666667
13,10.576444444444444
13,8.111071428571428
13,3.9373499999999995
13,9.9436
13,11.542124999999999
13,2.753441176470588
13,9.833444444444444
13,8.071928571428572
13,9.834083333333334
13,10.50253846153846
13,9.511375
13,8.297052631578948
13,4.343933333333333
13,3.0363846153846152
13,11.052
13,11.866333333333333
13,10.131
13,9.5521
13,7.513157894736842
13,1.9873749999999997
13,9.908466666666667
13,1.5063902439024388
13,7.7383999999999995
13,9.733749999999999
13,10.1079
13,10.045733333333333
13,10.635428571428571
13,9.1737
13,11.40575
13,9.87376923076923
13,9.7546
13,10.344277777777778
13,10.325
13,2.9493870967741933
13,10.660363636363636
13,11.957
13,11.675666666666666
13,9.561
13,9.796857142857142
13,9.67
13,9.076588235294118
13,10.6115
13,9.348285714285714
13,2.97459375
13,1.624555555555555
13,10.118055555555555
13,4.100266666666666
13,8.1985
13,10.510875
13,10.416
13,10.1885
13,7.646533333333333
13,9.336181818181819
13,9.904
13,10.562785714285713
13,9.663555555555556
13,1.452652173913043
13,3.735733333333333
13,11.19
13,10.295857142857143
13,10.825777777777777
13,10.2821
13,10.991999999999999
13,8.848611111111111
13,9.1763
13,11.7553
13,10.014999999999999
13,10.344583333333333
13,11.533363636363637
13,12.2044
13,9.355555555555556
13,10.112769230769231
13,9.4671
13,9.253812499999999
13,7.9181875
13,10.047833333333333
13,9.931214285714285
13,2.1726046511627906
13,11.461416666666667
13,10.780071428571429
13,2.8379999999999996
13,8.923
13,7.366666666666666
13,9.68690909090909
13,1.607090909090909
13,9.321083333333332
13,9.452142857142858
13,11.135777777777777
13,11.968124999999999
13,8.527555555555555
13,9.5245
13,2.334882352941176
13,10.022307692307692
13,11.459444444444443
13,10.5555
13,1.5185166666666665
13,9.3959
13,10.18470588235294
13,8.625
13,10.286399999999999
13,4.012111111111111
13,2.48325
13,12.49375
13,10.222833333333334
13,9.493545454545455
13,9.613666666666667
13,10.795562499999999
13,10.283454545454545
13,8.831173913043477
13,10.499461538461539
13,10.647375
13,11.029294117647058
13,11.2465
13,10.283166666666666
13,7.8660000000000005
13,3.038782608695652
13,10.862
13,9.677125
13,9.7626875
13,9.946384615384616
13,11.0905
13,7.941318181818182
13,9.592714285714285
13,9.528857142857143
13,10.2949375
13,9.228124999999999
13,8.704928571428571
13,1.4208484848484846
13,11.158571428571427
13,10.284583333333332
13,2.3221875
13,4.072333333333333
13,11.486
13,11.55790909090909
13,8.596882352941176
13,10.483533333333332
13,3.96495652173913
13,10.613583333333333
13,4.007863636363636
13,11.4139
13,3.202222222222222
13,11.0528
13,11.4455
13,9.386461538461539
13,9.750545454545454
13,8.183272727272726
13,10.509272727272727
13,3.6228857142857143
13,11.192230769230768
13,2.064833333333333
13,9.55275
13,10.813333333333333
13,2.355666666666666
13,10.71625
13,1.7523703703703704
13,9.267249999999999
13,12.565142857142856
13,7.484941176470588
13,9.039666666666665
13,4.553354838709677
13,9.705266666666667
13,10.938666666666666
13,9.7434
13,10.8232
13,8.829933333333333
13,9.82711111111111
13,9.1900625
13,9.223071428571428
13,10.277157894736842
13,2.2402068965517237
13,1.2492499999999997
13,8.095749999999999
13,11.279625
13,10.223466666666667
13,1.4188823529411763
13,10.921363636363637
13,10.5425
13,9.25215
13,7.9813636363636355
13,10.8306
13,10.125384615384615
13,8.251947368421051
13,8.952444444444446
13,10.919777777777778
13,11.254444444444445
13,11.4155
13,10.172222222222222
13,7.3358
13,11.27511111111111
13,1.9172592592592588
13,7.436928571428571
13,1.2425
13,4.509583333333333
13,9.706636363636363
13,3.6640714285714284
13,7.496124999999999
13,9.382466666666666
13,11.1128
13,3.3910666666666662
13,11.85511111111111
13,10.241999999999999
13,7.34875
13,8.74878947368421
13,3.9487894736842106
13,1.9625999999999997
13,5.424583333333333
13,1.673685714285714
13,9.93835294117647
13,9.812222222222221
13,10.712833333333332
13,9.2066
13,1.5142916666666661
13,9.1525
13,11.214461538461538
13,9.684105263157894
13,8.0
13,3.236931034482758
13,3.7261739130434774
13,2.652392857142857
13,11.6985
13,8.4758
13,2.426702127659574
13,8.252125
13,4.534727272727272
13,8.333
13,9.82575
13,10.365166666666665
13,11.6494
13,9.471285714285713
13,2.598772727272727
13,9.492166666666666
13,9.939
13,11.596888888888888
13,2.5508620689655173
13,11.311866666666665
13,2.3023999999999996
13,8.966333333333333
13,3.6446666666666663
13,9.212727272727273
13,3.4122352941176466
13,8.216526315789473
13,11.8995
13,3.3549999999999995
13,9.398764705882353
13,8.5705
13,9.031076923076922
13,9.714555555555556
13,11.48125
13,11.530999999999999
13,10.03364705882353
13,1.62902
13,8.243571428571428
13,10.0014375
13,8.487214285714286
13,1.3906538461538458
13,11.667333333333334
13,10.530526315789473
13,9.270199999999999
13,9.44453846153846
13,8.947
13,10.336285714285715
13,8.382399999999999
13,11.31375
13,12.030777777777777
13,10.093
13,8.935777777777776
13,2.6159523809523804
13,10.901
13,8.951749999999999
13,10.472222222222221
13,8.059357142857143
13,11.812
13,11.5895
13,10.1219
13,8.838333333333333
13,10.688833333333333
13,9.570666666666666
13,2.92892
13,10.642888888888889
13,9.049333333333333
13,8.711375
13,9.455
13,11.217857142857142
13,11.790583333333334
13,2.578333333333333
13,7.070166666666666
13,11.465499999999999
13,10.6244
13,9.419
13,3.42210606060606
13,7.544909090909091
13,2.5826
13,11.784444444444444
13,10.825833333333334
13,9.21642857142857
13,10.1299
13,9.751454545454544
13,8.157666666666666
13,7.4938666666666665
13,9.325624999999999
13,1.7038181818181815
13,10.7670625
13,9.4335
13,9.950545454545454
13,10.692461538461538
13,10.343
13,10.077785714285714
13,10.981
13,11.312142857142858
13,11.359578947368421
13,8.674941176470588
13,8.39675
13,9.41
13,10.47653846153846
13,10.719375
13,10.125555555555556
13,9.780266666666666
13,9.4536
13,9.968307692307691
13,9.897666666666666
13,9.853583333333333
13,9.652555555555555
13,1.6250769230769229
13,3.4725
13,3.0171666666666663
13,2.8965499999999995
13,11.158249999999999
13,8.0275
13,11.321125
13,10.903166666666666
13,9.4558
13,9.97675
13,8.188764705882353
13,1.6693124999999995
13,10.271166666666666
13,1.2903571428571425
13,11.502
13,10.6776
13,10.668666666666667
13,9.683333333333334
13,10.232333333333333
13,10.139636363636363
13,7.361133333333333
13,10.595642857142856
13,1.526655172413793
13,10.63475
13,11.56725
13,9.650125
13,11.771333333333333
13,4.383363636363637
13,3.81608
13,11.086857142857143
13,10.818375
13,8.8485
13,10.449285714285713
13,11.5775
13,2.8
13,9.00390909090909
13,2.926965517241379
13,1.8318333333333334
13,8.455333333333332
13,10.20476923076923
13,11.452166666666667
13,1.8316842105263156
13,10.624625
13,9.44675
13,9.78190909090909
13,3.2611499999999993
13,9.793111111111111
13,9.139999999999999
13,9.02690909090909
13,7.764380952380952
13,8.607090909090909
13,4.907
13,8.04415
13,10.994833333333332
13,2.0386896551724134
13,10.695666666666666
13,2.3174374999999996
13,9.775583333333334
13,9.305909090909092
13,10.145444444444443
13,8.628499999999999
13,8.705090909090908
13,11.598875
13,1.789212121212121
13,10.373166666666666
13,11.181266666666666
13,9.904384615384615
13,10.546
13,9.779818181818182
13,11.93509090909091
13,10.421
13,4.9257599999999995
13,10.923066666666667
13,8.883555555555555
13,9.978461538461538
13,10.5278
13,10.091
13,9.802214285714285
13,8.230533333333334
13,1.5706666666666664
13,9.3596875
13,9.751999999999999
13,2.7215555555555553
13,10.4028
13,0.9835999999999995
13,9.946200000000001
13,9.613
13,9.821111111111112
13,10.876
13,8.175666666666666
13,8.334375
13,8.963545454545454
13,10.575999999999999
13,10.113066666666667
13,11.369499999999999
13,6.661708333333333
13,10.13975
13,11.7988
13,11.101666666666667
13,5.1842
13,10.827874999999999
13,7.982928571428571
13,10.766083333333333
13,8.833428571428572
13,9.235333333333333
13,11.086875
13,8.379875
13,8.194333333333333
13,9.656749999999999
13,9.2703
13,11.684222222222221
13,8.7881
13,8.879933333333334
13,8.5134
13,9.727
13,10.354555555555555
13,11.095307692307692
13,9.612384615384615
13,10.774666666666667
13,10.645214285714285
13,10.812555555555555
13,8.3294
13,8.995999999999999
13,3.2777321428571424
13,10.517142857142856
13,12.07188888888889
13,10.492727272727272
13,9.799181818181818
13,11.899444444444445
13,10.3913125
13,10.23125
13,9.223499999999998
13,11.2835
13,3.1527142857142856
13,11.249333333333333
13,7.295541666666667
13,10.55275
13,9.936428571428571
13,9.156235294117646
13,3.7833333333333328
13,3.4229629629629623
13,10.6781
13,9.042428571428571
13,8.651
13,9.857444444444443
13,8.247499999999999
13,10.917941176470588
13,10.816454545454546
13,3.8252272727272727
13,9.802571428571428
13,9.1005
13,3.980609756097561
13,9.697799999999999
13,11.2165
13,9.808833333333334
13,1.4797999999999996
13,2.7456799999999997
13,9.985071428571429
13,10.875428571428571
13,10.976333333333333
13,7.724
13,11.787749999999999
13,10.264416666666666
13,9.378666666666666
13,8.2825625
13,9.021181818181818
13,10.12675
13,10.137375
13,10.39276923076923
13,11.481333333333334
13,11.153749999999999
13,3.911020833333333
13,8.149466666666667
13,10.925714285714285
13,11.521454545454546
13,10.06925
13,10.8088
13,11.094642857142857
13,1.7082580645161287
13,8.555222222222222
13,4.705285714285714
13,3.071470588235294
13,9.0856
13,8.013181818181819
13,9.573444444444444
13,10.00675
13,8.79025
13,1.7638499999999995
13,1.997647058823529
13,2.5887272727272728
13,8.68325
13,11.457
13,8.613666666666667
13,10.926166666666667
13,9.69
13,9.888769230769231
13,8.738416666666666
13,10.602722222222223
13,10.049999999999999
13,1.8742727272727269
13,9.856692307692308
13,8.73575
13,10.140545454545453
13,10.885714285714286
13,11.213285714285714
13,11.356454545454545
13,11.573571428571428
13,9.021833333333333
13,3.4805151515151516
13,9.6185
13,10.520272727272728
13,10.835071428571428
13,5.164166666666667
13,9.19
13,10.488583333333333
13,12.307749999999999
13,10.429444444444444
13,2.9137317073170728
13,1.7278124999999995
13,9.01309090909091
13,8.652277777777778
13,11.36175
13,10.503333333333334
13,9.816625
13,10.398857142857143
13,10.603785714285713
13,10.2438
13,9.677111111111111
13,9.892533333333333
13,8.942875
13,11.052399999999999
13,10.510666666666667
13,10.8245
13,3.7858095238095233
13,9.637363636363636
13,11.691142857142857
13,9.63275
13,8.2914
13,10.185166666666666
13,10.89225
13,1.4692999999999996
13,10.926857142857143
13,9.59075
13,10.5262
13,9.402380952380952
13,11.331333333333333
13,11.388
13,10.7852
13,9.0219
13,10.286750000000001
13,11.7904
13,10.209999999999999
13,8.681
13,11.8157
13,2.1268
13,11.155999999999999
13,10.5867
13,10.83723076923077
13,9.852125
13,9.254999999999999
13,7.2179375
13,10.640999999999998
13,7.8495
13,3.2723999999999998
13,10.016166666666667
13,2.502619047619047
13,10.4093
13,11.621777777777778
13,9.23425
13,7.610666666666666
13,10.157499999999999
13,9.216833333333334
13,3.4349230769230763
13,9.969
13,10.55475
13,3.13047619047619
13,10.0175
13,10.965916666666665
13,11.8416
13,8.360111111111111
13,10.273583333333333
13,9.372083333333332
13,2.9209642857142852
13,11.123625
13,11.728
13,7.420249999999999
13,11.459333333333333
13,7.796461538461538
13,1.4800769230769228
13,2.888666666666666
13,1.7270416666666664
13,10.245
13,11.578666666666667
13,8.794083333333333
13,9.412529411764705
13,10.6814
13,9.862499999999999
13,8.3881
13,9.494272727272726
13,8.729882352941177
13,8.277545454545454
13,9.303374999999999
13,10.7999
13,2.480377358490566
13,10.866111111111111
13,10.128666666666666
13,1.7120454545454542
13,12.097428571428571
13,9.065999999999999
13,9.028538461538462
13,2.544153846153846
13,9.092625
13,9.781571428571429
13,11.202111111111112
13,1.4365263157894732
13,10.42811111111111
13,9.227333333333334
13,10.268833333333333
13,9.14811111111111
13,10.348571428571429
13,12.031833333333333
13,10.326333333333334
13,3.009451612903226
13,1.6879999999999997
13,9.906230769230769
13,10.926428571428572
13,8.685571428571428
13,1.861857142857143
13,9.689947368421052
13,11.465083333333332
13,8.749652173913043
13,10.556222222222221
13,9.485090909090909
13,9.601052631578947
13,10.539428571428571
13,9.4922
13,2.054222222222222
13,10.192666666666666
13,5.5374
13,10.02611111111111
13,11.199
13,1.3659999999999997
13,1.8241999999999998
13,10.047545454545455
13,9.3532
13,10.74525
13,11.104636363636363
13,9.576272727272729
13,3.377
13,1.5778064516129031
13,8.798071428571427
13,9.276333333333334
13,10.931833333333334
13,8.861166666666666
13,9.971333333333332
13,11.253428571428572
13,8.7896
13,11.256125
13,8.775357142857143
13,7.817666666666667
13,10.36325
13,9.773399999999999
13,1.5607142857142855
13,10.134
13,1.4075172413793104
13,10.64188888888889
13,1.7041499999999998
13,10.483714285714287
13,11.03811111111111
13,11.318375
13,11.208
13,10.58
13,10.734714285714286
13,10.0454
13,10.03425
13,9.820818181818181
13,11.0358
13,9.047777777777778
13,10.5654
13,10.6745
13,11.372
13,1.8993243243243239
13,11.3968
13,1.0857272727272724
13,9.494
13,8.957181818181818
13,9.9575
13,11.560555555555554
13,9.417142857142856
13,0.956428571428571
13,3.771235294117647
13,3.32585294117647
13,10.079444444444444
13,9.512571428571428
13,3.1013684210526313
13,11.52175
13,10.1069
13,10.479
13,10.341
13,11.7416
13,9.581199999999999
13,9.628
13,11.688222222222223
13,8.616999999999999
13,11.539166666666667
13,10.2244
13,11.9886
13,10.296857142857142
13,1.0620333333333332
13,11.131499999999999
13,8.8332
13,8.677666666666667
13,2.369285714285714
13,1.6061428571428569
13,8.599499999999999
13,11.153142857142857
13,7.563166666666667
13,10.674666666666667
13,10.055
13,3.8946666666666667
13,3.4799999999999995
13,10.447833333333334
13,8.934
13,9.5465
13,9.5255
13,7.999999999999999
13,9.41
13,8.5644
13,10.592166666666666
13,1.7780666666666665
13,9.2605
13,7.922499999999999
13,2.4318999999999997
13,4.619249999999999
13,5.606333333333333
13,1.6727500000000002
14,11.930833333333332
14,10.712642857142857
14,9.690461538461538
14,3.4382499999999996
14,11.528692307692307
14,3.2179047619047614
14,3.29614
14,8.539928571428572
14,10.855214285714286
14,8.005545454545453
14,3.3596071428571426
14,2.0316551724137932
14,1.1036999999999997
14,10.540944444444444
14,0.9941199999999998
14,11.225357142857142
14,3.1207346938775506
14,2.13945
14,9.408823529411764
14,9.6771
14,8.886000000000001
14,2.517074074074074
14,3.0217499999999995
14,10.597124999999998
14,2.2975151515151513
14,10.299307692307693
14,10.073599999999999
14,8.911392857142857
14,9.1758
14,2.7155641025641026
14,1.8095555555555554
14,2.2309642857142857
14,2.5711111111111107
14,9.934
14,9.673888888888888
14,10.954
14,9.6474
14,2.4775416666666663
14,9.268
14,1.486461538461538
14,1.3651562499999996
14,11.1921
14,11.106636363636364
14,2.3755581395348835
14,3.122583333333333
14,10.3440625
14,10.125142857142857
14,3.6438148148148146
14,2.368631578947368
14,1.4563055555555553
14,10.104
14,10.191818181818181
14,1.497212121212121
14,1.8179374999999998
14,3.4813684210526312
14,9.349
14,2.867555555555555
14,8.903
14,10.854105263157894
14,10.016416666666666
14,8.73215
14,10.110736842105263
14,7.400615384615385
14,2.348428571428571
14,11.049133333333334
14,11.013
14,3.6881428571428567
14,1.3928409090909086
14,3.528382978723404
14,3.8732692307692305
14,3.3139354838709676
14,10.847307692307693
14,10.011142857142858
14,11.030727272727272
14,10.852454545454545
14,10.658555555555555
14,10.757181818181818
14,9.618866666666666
14,1.658833333333333
14,8.23155
14,10.715636363636364
14,1.9092592592592592
14,7.8923
14,3.0286562499999996
14,2.6947727272727264
14,9.784999999999998
14,10.413499999999999
14,2.9184615384615387
14,0.934222222222222
14,1.385458333333333
14,2.387473684210526
14,9.4491
14,1.7902758620689652
14,11.677
14,9.2574375
14,10.729714285714286
14,1.8791851851851844
14,10.251285714285714
14,1.3516551724137928
14,10.2088
14,11.141
14,3.864019607843137
14,3.3770476190476186
14,2.3868913043478255
14,8.1136
14,1.5131463414634143
14,4.003444444444444
14,2.467692307692307
14,2.9252413793103447
14,10.743307692307692
14,3.8259444444444446
14,9.456
14,9.923625
14,8.41147619047619
14,9.173
14,10.3705
14,10.703818181818182
14,9.3611
14,3.143758620689655
14,1.411772727272727
14,8.433809523809524
14,9.2056875
14,2.8345
14,1.348206896551724
14,2.584444444444444
14,9.9823
14,2.8813103448275856
14,3.189766666666666
14,10.7113
14,9.005749999999999
14,8.19875
14,11.159142857142855
14,2.3857999999999997
14,2.724181818181818
14,10.545307692307691
14,8.331
14,8.083
14,1.9790909090909086
14,11.097857142857142
14,11.680250000000001
14,1.9334999999999998
14,10.135615384615384
14,2.958405405405405
14,3.4212631578947366
14,2.680883333333333
14,3.415730769230769
14,1.4998461538461538
14,10.8971875
14,2.9514249999999995
14,10.279941176470588
14,10.165
14,8.65862962962963
14,9.201454545454546
14,10.5959
14,7.308157894736842
14,10.513555555555556
14,10.052461538461538
14,9.936916666666667
14,3.150125
14,12.122857142857143
14,1.5080681818181816
14,2.274695652173913
14,3.721814814814815
14,10.758157894736842
14,0.9753437499999997
14,2.9742758620689655
14,10.7046
14,9.578285714285714
14,9.866
14,7.779545454545454
14,10.606692307692308
14,9.8866
14,9.177166666666665
14,2.674828571428571
14,10.7681
14,1.5490606060606058
14,10.9935
14,3.3764374999999998
14,3.1323
14,8.7213
14,1.3874102564102562
14,3.0227142857142852
14,11.153888888888888
14,2.515386363636363
14,9.457055555555556
14,3.1375
14,9.5205
14,9.974071428571428
14,11.3121875
14,3.876411764705882
14,7.443785714285714
14,11.03125
14,9.64642857142857
14,1.2639411764705881
14,2.332190476190476
14,3.7467249999999996
14,1.744513513513513
14,11.394
14,3.0668064516129028
14,10.152666666666667
14,1.835621621621621
14,2.8265
14,9.469923076923076
14,11.16575
14,10.745
14,10.315333333333333
14,11.781
14,9.7692
14,3.1763125
14,2.0388478260869562
14,2.4916666666666663
14,9.559545454545454
14,1.6722142857142852
14,7.521333333333333
14,1.7830869565217387
14,3.0940249999999994
14,10.40690909090909
14,2.312666666666667
14,10.620705882352942
14,10.381714285714285
14,9.745833333333334
14,9.45
14,9.865888888888888
14,10.133
14,10.976647058823529
14,2.915290322580645
14,9.8218
14,1.6999090909090906
14,1.3308928571428567
14,9.219153846153846
14,1.2487567567567566
14,9.522666666666666
14,11.679266666666665
14,8.92021052631579
14,2.8446499999999997
14,10.059142857142858
14,10.52275
14,7.173703703703704
14,9.533
14,9.650545454545455
14,11.4528
14,9.316166666666666
14,1.4774655172413789
14,8.660416666666666
14,11.30581818181818
14,2.5709999999999993
14,10.993428571428572
14,10.099
14,9.351166666666666
14,9.776263157894736
14,7.54690909090909
14,9.387133333333333
14,11.285764705882354
14,10.083727272727272
14,9.425545454545453
14,10.535461538461538
14,11.334
14,8.6852
14,9.987882352941176
14,9.023
14,2.5231851851851848
14,8.102333333333332
14,8.306888888888889
14,8.962545454545454
14,10.902249999999999
14,2.988102564102564
14,11.3516
14,10.526142857142856
14,11.30042857142857
14,11.914
14,1.9023636363636363
14,10.72925
14,9.671692307692307
14,10.513230769230768
14,2.0230999999999995
14,10.187
14,10.71725
14,9.9704
14,2.8096521739130433
14,10.4048125
14,7.694933333333333
14,0.624472222222222
14,9.391222222222222
14,9.27275
14,1.853482758620689
14,9.2804
14,8.976857142857142
14,10.165857142857144
14,10.48025
14,10.3932
14,10.668166666666666
14,0.9680909090909089
14,10.562555555555555
14,9.541153846153845
14,2.477733333333333
14,2.7727272727272725
14,8.779066666666667
14,9.9665
14,10.501999999999999
14,10.549533333333333
14,11.093166666666665
14,9.901499999999999
14,11.650285714285713
14,3.6596578947368417
14,9.18495
14,10.458
14,5.17775
14,10.73375
14,7.6234375
14,11.261444444444445
14,11.569222222222221
14,9.4325
14,10.202214285714286
14,10.857909090909091
14,11.205076923076923
14,9.865444444444444
14,10.580874999999999
14,10.53375
14,10.606428571428571
14,8.32525
14,11.255333333333333
14,11.566727272727272
14,10.562166666666666
14,10.561399999999999
14,11.06625
14,10.3539
14,10.215142857142856
14,1.8777428571428572
14,9.714545454545455
14,0.8543137254901958
14,8.863473684210526
14,9.828923076923076
14,10.949399999999999
14,9.91925
14,9.676666666666666
14,10.190090909090909
14,10.118705882352941
14,8.97011111111111
14,11.4969
14,9.754428571428571
14,7.382142857142857
14,1.446538461538461
14,10.620083333333334
14,9.58876923076923
14,3.49275
14,10.2125
14,9.785230769230768
14,7.61011111111111
14,10.183363636363636
14,3.609
14,1.8592499999999996
14,11.130777777777778
14,4.079058823529412
14,11.156699999999999
14,9.924875
14,10.5115
14,11.252333333333333
14,10.846666666666666
14,8.36040909090909
14,9.433777777777777
14,10.595846153846153
14,9.733
14,11.947272727272727
14,8.023363636363635
14,10.3761
14,2.8341499999999997
14,9.769285714285713
14,10.054875
14,2.7883437499999997
14,11.5084
14,10.794374999999999
14,3.1765
14,9.70925
14,7.69335294117647
14,10.453
14,6.574727272727273
14,10.364384615384616
14,10.567083333333333
14,11.58825
14,9.990642857142857
14,2.92851724137931
14,10.601083333333333
14,8.464285714285714
14,8.914181818181818
14,8.89111111111111
14,2.1921379310344826
14,10.681444444444445
14,10.8354
14,2.739862068965517
14,10.451090909090908
14,11.515642857142858
14,8.709
14,11.308421052631578
14,11.484
14,11.650222222222222
14,7.9841428571428565
14,9.938
14,10.788
14,2.5852499999999994
14,10.621857142857142
14,11.33075
14,10.479666666666667
14,11.177
14,9.564166666666667
14,9.314555555555556
14,11.2511
14,1.5921999999999998
14,10.552166666666666
14,3.189866666666666
14,9.7929
14,6.985714285714286
14,10.63425
14,10.302999999999999
14,9.99523076923077
14,9.818
14,10.45211111111111
14,10.513666666666666
14,11.218
14,8.642363636363635
14,9.589444444444444
14,10.31857142857143
14,9.088666666666667
14,0.7250499999999996
14,9.617647058823529
14,1.7102222222222216
14,1.9968499999999998
14,9.313571428571429
14,11.281749999999999
14,10.001266666666666
14,10.420285714285713
14,3.767576923076923
14,8.734823529411765
14,9.738999999999999
14,9.50925
14,11.116999999999999
14,3.141555555555555
14,9.905
14,10.3775
14,8.015944444444445
14,9.79925
14,1.8698333333333332
14,11.020624999999999
14,9.868615384615385
14,9.886272727272727
14,10.37
14,11.173571428571428
14,3.992521739130434
14,9.722736842105263
14,3.2239411764705883
14,10.78070588235294
14,10.8123
14,9.832666666666666
14,7.683764705882353
14,8.808181818181817
14,2.6664
14,9.5259
14,10.63275
14,7.763176470588235
14,9.359428571428571
14,12.134666666666666
14,11.520363636363635
14,1.3032499999999998
14,10.8362
14,10.069125
14,10.0336
14,9.073875000000001
14,9.2655
14,10.891636363636364
14,9.554153846153845
14,10.339
14,3.004090909090909
14,8.698307692307692
14,10.162899999999999
14,11.5104
14,2.5210689655172414
14,2.9858095238095235
14,9.783909090909091
14,3.0002307692307686
14,10.653363636363636
14,11.304230769230768
14,11.636999999999999
14,10.132428571428571
14,10.725
14,9.339222222222222
14,10.8485
14,3.1322499999999995
14,1.7486666666666666
14,9.38270588235294
14,9.732899999999999
14,10.814615384615385
14,11.602333333333332
14,10.377833333333333
14,10.697
14,3.478238095238095
14,8.3831
14,9.470461538461537
14,11.19675
14,2.103071428571428
14,1.6079999999999999
14,9.944470588235294
14,9.649666666666667
14,9.796
14,10.7593
14,9.203923076923077
14,11.002133333333333
14,10.441166666666668
14,7.380384615384615
14,10.535166666666667
14,10.996
14,1.7782499999999997
14,9.852692307692308
14,2.0501874999999994
14,9.427666666666667
14,2.7793409090909087
14,10.03875
14,10.76975
14,11.8795
14,3.314692307692307
14,9.969384615384614
14,10.42290909090909
14,12.390857142857143
14,7.59762962962963
14,3.040409090909091
14,11.08711111111111
14,2.6522
14,10.575166666666666
14,2.6564864864864863
14,10.032
14,8.727071428571428
14,7.887736842105263
14,10.711285714285713
14,9.698705882352941
14,9.905916666666666
14,8.673666666666666
14,9.259625
14,10.351909090909091
14,11.021374999999999
14,11.410125
14,10.116
14,9.479899999999999
14,10.522692307692308
14,3.0184722222222216
14,9.9138
14,7.8709999999999996
14,2.3024999999999998
14,2.683073170731707
14,10.814888888888888
14,9.298363636363636
14,8.93878947368421
14,9.9035
14,10.191555555555556
14,9.376777777777777
14,3.3216399999999995
14,10.421272727272727
14,10.475999999999999
14,9.9681
14,9.854142857142858
14,11.573888888888888
14,10.219058823529412
14,1.6728571428571426
14,9.290888888888889
14,9.749875
14,8.108133333333333
14,10.491857142857143
14,1.7963999999999998
14,11.365874999999999
14,10.607
14,3.02990625
14,9.930399999999999
14,3.1145454545454547
14,2.636583333333333
14,11.197928571428571
14,11.5291
14,10.45711111111111
14,9.451
14,9.37211111111111
14,8.3135
14,1.9233999999999998
14,1.9490952380952378
14,9.001461538461538
14,10.0025
14,10.963999999999999
14,11.029
14,2.3061764705882353
14,9.090333333333334
14,1.4360499999999996
14,10.73542857142857
14,11.256692307692308
14,1.4889999999999999
14,10.8719
14,2.1465909090909085
14,9.927375
14,10.221
14,9.407428571428571
14,10.6754
14,1.2958928571428567
14,9.903733333333333
14,9.287571428571429
14,2.205833333333333
14,10.719625
14,10.64611111111111
14,9.305538461538461
14,9.260363636363637
14,10.501583333333333
14,8.1726
14,10.0745
14,8.628307692307692
14,9.715625
14,9.632466666666666
14,11.55490909090909
14,7.71676
14,10.45675
14,11.467266666666667
14,9.089
14,7.775333333333333
14,1.1032
14,3.9599166666666665
14,10.334444444444443
14,10.408727272727273
14,9.2625
14,3.3759189189189187
14,9.58611111111111
14,2.8586388888888887
14,10.092916666666666
14,11.595374999999999
14,9.041333333333334
14,9.957888888888888
14,1.2217999999999996
14,9.315571428571428
14,10.016222222222222
14,3.4151428571428566
14,10.1622
14,7.071941176470588
14,6.829217391304348
14,2.7266842105263156
14,10.284625
14,11.06253846153846
14,1.6127391304347822
14,9.318
14,11.4328125
14,10.197416666666667
14,11.67675
14,1.8192352941176468
14,7.68535
14,10.30011111111111
14,11.044571428571428
14,10.979916666666666
14,7.446999999999999
14,11.021857142857142
14,2.928266666666666
14,10.252785714285714
14,10.72342857142857
14,1.9776153846153846
14,10.594999999999999
14,9.363384615384614
14,7.771909090909091
14,10.37290909090909
14,11.281238095238095
14,11.888714285714284
14,9.37
14,9.645125
14,10.414666666666665
14,8.770461538461538
14,10.1334
14,6.757199999999999
14,10.377416666666667
14,9.696526315789473
14,9.843625
14,10.913857142857143
14,10.684999999999999
14,10.59
14,11.15
14,11.058416666666666
14,9.293777777777777
14,2.8495833333333334
14,9.013538461538461
14,9.1656
14,9.172526315789474
14,3.2157878787878786
14,11.412749999999999
14,9.279277777777779
14,9.889333333333333
14,12.0712
14,9.677846153846154
14,9.74575
14,11.673666666666668
14,10.295
14,10.657
14,10.677555555555555
14,8.471461538461538
14,10.628555555555556
14,8.714916666666666
14,7.573499999999999
14,2.6308571428571423
14,8.57775
14,9.802999999999999
14,11.0596
14,11.096785714285714
14,1.7143684210526313
14,11.403416666666667
14,9.022666666666666
14,9.653444444444444
14,1.0604545454545453
14,9.806384615384616
14,10.435857142857142
14,10.5135
14,1.7971020408163265
14,11.029399999999999
14,9.353437499999998
14,3.233208333333333
14,11.304571428571428
14,1.6962727272727267
14,9.160545454545455
14,9.823
14,3.2605
14,1.583806451612903
14,10.1351
14,1.5927999999999995
14,10.463
14,1.181581818181818
14,3.5309615384615385
14,9.883166666666666
14,9.918833333333334
14,10.510125
14,10.725444444444443
14,9.472666666666667
14,10.372928571428572
14,10.726583333333332
14,1.9094799999999996
14,9.538
14,9.2615
14,2.762538461538461
14,10.938833333333333
14,8.550705882352942
14,11.675374999999999
14,1.2262702702702701
14,9.292
14,8.382823529411764
14,9.42690909090909
14,9.134166666666667
14,8.635
14,9.727230769230768
14,11.053833333333333
14,9.892923076923077
14,2.9309230769230763
14,9.972941176470588
14,8.356416666666666
14,9.57375
14,10.46125
14,11.030181818181818
14,7.372
14,3.5516956521739127
14,2.381733333333333
14,10.138538461538461
14,9.996454545454544
14,10.687999999999999
14,8.609
14,9.712444444444444
14,4.067638888888888
14,8.465636363636364
14,10.71875
14,10.671625
14,10.216416666666666
14,10.525333333333332
14,9.625066666666667
14,2.6796363636363636
14,9.984555555555556
14,9.405249999999999
14,9.10245
14,10.872846153846153
14,10.341857142857142
14,11.342571428571429
14,2.771611111111111
14,3.2855405405405405
14,7.891619047619047
14,11.502545454545453
14,10.562866666666666
14,3.108282051282051
14,7.786333333333333
14,9.914499999999999
14,9.761
14,8.808692307692308
14,9.743
14,10.205333333333332
14,10.986230769230769
14,10.526266666666666
14,10.451799999999999
14,3.1204333333333327
14,11.29757894736842
14,1.09258064516129
14,3.3440909090909092
14,9.3644
14,9.6991
14,10.884111111111112
14,9.691722222222221
14,9.930928571428572
14,1.8719210526315786
14,10.6554
14,1.7859459459459455
14,2.0746249999999997
14,10.336166666666667
14,2.3085714285714287
14,11.412888888888888
14,9.823210526315789
14,10.8476
14,10.673
14,11.2738
14,10.890374999999999
14,9.047307692307692
14,1.4682222222222217
14,11.31390909090909
14,11.194571428571429
14,11.11
14,10.078636363636363
14,9.3908125
14,10.310857142857143
14,10.933
14,9.239555555555556
14,3.953380952380952
14,9.2295
14,10.461090909090908
14,10.357
14,8.1918
14,10.751833333333332
14,9.998076923076923
14,9.3184
14,10.811615384615385
14,9.591909090909091
14,1.3306666666666664
14,11.11476923076923
14,9.5735
14,11.0805625
14,9.946399999999999
14,7.798
14,11.1694
14,9.778538461538462
14,10.87175
14,11.327222222222222
14,11.458666666666666
14,10.772538461538462
14,2.7778666666666663
14,10.073833333333333
14,8.4511875
14,9.492285714285714
14,12.2917
14,2.3461999999999996
14,11.263
14,9.77825
14,9.711777777777778
14,9.7295
14,12.05075
14,10.3705
14,8.6945
14,8.884714285714285
14,9.451666666666666
14,9.576727272727274
14,1.2116818181818179
14,1.78034375
14,3.5879499999999998
14,3.0925555555555553
14,9.604099999999999
14,11.0375
14,11.253222222222222
14,11.429625
14,8.7823
14,10.833363636363636
14,1.7504615384615383
14,3.438173913043478
14,8.974363636363636
14,11.2022
14,10.519375
14,11.203
14,8.27378947368421
14,8.8335
14,9.041
14,1.5050789473684207
14,9.482916666666666
14,12.860000000000001
14,10.486357142857143
14,10.602857142857143
14,2.0955161290322577
14,10.435857142857143
14,9.5484
14,11.326
14,11.535571428571428
14,8.8635
14,11.121333333333332
14,2.898594594594594
14,9.8014
14,2.1597058823529407
14,10.977142857142857
14,10.380153846153846
14,9.294
14,8.9652
14,9.590307692307691
14,3.278888888888889
14,8.274687499999999
14,8.604666666666667
14,10.534333333333333
14,2.02465625
14,3.780454545454545
14,12.931666666666667
14,4.2470322580645155
14,7.866714285714285
14,3.03775
14,3.5686
14,8.399999999999999
14,9.665125
14,11.720222222222223
14,10.029375
14,8.175285714285714
14,10.629090909090909
14,8.6364
14,10.750888888888888
14,3.6249999999999996
14,2.9219259259259256
14,8.8015
14,1.7984999999999998
14,3.1296666666666666
14,10.375
14,2.762310344827586
14,10.6784
14,10.793777777777777
14,11.4345
14,10.031666666666666
14,1.5232777777777775
14,9.981230769230768
14,3.7814374999999996
14,11.199222222222222
14,11.557857142857143
14,10.15575
14,3.5173235294117644
14,10.658666666666667
14,11.726999999999999
14,3.5165454545454535
14,9.532222222222222
14,7.602666666666666
14,2.7877692307692308
14,1.8754999999999997
14,10.085615384615384
14,4.665037037037036
14,9.497777777777777
14,10.243375
14,3.1075769230769223
14,11.115307692307692
14,9.677888888888889
14,10.237333333333334
14,8.956714285714286
14,9.796083333333332
14,11.245142857142856
14,10.048166666666667
14,8.8275
14,10.4559
14,8.746333333333334
14,9.616499999999998
14,9.612444444444444
14,6.864166666666667
14,10.355222222222222
14,8.837333333333333
14,11.4695
14,5.8156
14,9.3507
14,10.291571428571428
14,9.184111111111111
14,9.568375
14,11.557166666666667
14,10.536454545454545
14,10.1115
14,11.009727272727272
14,1.831181818181818
14,10.678249999999998
14,10.402166666666666
14,8.409625
14,10.00175
14,11.2652
14,7.551599999999999
14,0.8878620689655169
14,11.85375
14,11.851
14,10.0254
14,9.3652
14,6.200555555555555
14,10.331571428571428
14,2.5587333333333335
14,9.2945
14,3.222411764705882
14,10.752749999999999
14,9.231333333333334
14,12.001000000000001
14,11.5792
14,9.813
14,7.1425
14,9.44
14,8.369076923076923
14,10.350846153846154
14,9.5003
14,11.295714285714286
14,3.314368421052631
14,9.837874999999999
14,9.169888888888888
14,11.424111111111111
14,10.367111111111111
14,1.2001499999999998
14,10.083666666666666
14,2.7899999999999996
14,11.325899999999999
14,8.593
14,7.717124999999999
14,10.92411111111111
14,9.955666666666666
14,11.444333333333333
14,3.0928666666666667
14,10.2515
14,9.689
15,10.651
15,2.633236842105263
15,3.288243243243243
15,1.9930566037735846
15,7.5257999999999985
15,7.942928571428571
15,1.2661714285714283
15,1.7275999999999998
15,3.64565625
15,3.339545454545454
15,9.767818181818182
15,9.866166666666667
15,8.741285714285715
15,9.9298
15,10.075571428571429
15,10.857
15,2.7301388888888884
15,9.625
15,2.368355555555555
15,1.9641999999999995
15,8.775384615384615
15,9.18275
15,1.9261095890410955
15,9.621812499999999
15,2.3521666666666663
15,2.196178571428571
15,8.717260869565216
15,9.277142857142858
15,2.2549090909090905
15,9.6473125
15,1.947153846153846
15,1.623822222222222
15,1.415285714285714
15,2.2024482758620687
15,1.8257222222222218
15,12.293199999999999
15,2.3655625
15,2.643147058823529
15,11.0468
15,10.49781818181818
15,2.820724137931034
15,9.98090909090909
15,9.648454545454545
15,2.9103499999999998
15,11.133777777777778
15,1.6487333333333327
15,9.1000625
15,8.989
15,11.209
15,10.526
15,2.515485714285714
15,1.863730769230769
15,10.761266666666666
15,9.064166666666667
15,3.1916
15,11.540333333333333
15,1.5683207547169808
15,1.3132941176470585
15,2.2805405405405406
15,10.071333333333333
15,11.68
15,2.9123421052631575
15,9.452
15,2.7683571428571425
15,1.9491777777777775
15,10.8675
15,2.267190476190476
15,3.049383333333333
15,9.3
15,10.215300000000001
15,9.824238095238096
15,1.3003555555555553
15,7.180999999999999
15,9.546416666666666
15,1.9409117647058822
15,11.724222222222222
15,3.25468
15,10.853833333333332
15,10.506384615384615
15,1.509205128205128
15,10.877357142857143
15,11.828923076923077
15,1.7371904761904762
15,10.3824
15,1.3995555555555554
15,9.942857142857143
15,9.701
15,8.59461111111111
15,3.389310344827586
15,2.0542682926829268
15,1.0940499999999997
15,11.062529411764706
15,8.7965
15,12.012285714285714
15,2.7795925925925924
15,3.10505
15,11.001777777777779
15,2.4000312499999996
15,2.733875
15,11.313083333333333
15,11.7267
15,1.8900999999999997
15,11.893142857142857
15,1.9795199999999995
15,1.200444444444444
15,9.387266666666667
15,3.180088235294117
15,8.789333333333333
15,4.074354166666666
15,9.5081
15,2.17856
15,11.701
15,2.92075
15,10.56
15,1.2636111111111108
15,1.8790937499999996
15,10.397615384615385
15,3.332229508196721
15,11.072624999999999
15,10.786999999999999
15,10.027666666666667
15,8.529499999999999
15,3.9024090909090905
15,9.258928571428571
15,3.022705882352941
15,1.827172413793103
15,2.2307692307692304
15,9.320615384615385
15,10.211583333333332
15,0.9840512820512817
15,10.227866666666666
15,11.871916666666666
15,1.3861714285714282
15,1.578107692307692
15,9.692
15,10.570285714285713
15,1.2997647058823527
15,9.645764705882353
15,11.444199999999999
15,3.5570444444444442
15,1.2095925925925923
15,8.878578947368421
15,3.3363043478260868
15,3.2573
15,3.429958333333333
15,10.070307692307692
15,11.089
15,10.54655
15,3.2242499999999996
15,8.309333333333333
15,10.689599999999999
15,10.332875
15,1.8528615384615381
15,9.470777777777778
15,9.73675
15,1.7007906976744183
15,10.82392857142857
15,2.4813191489361697
15,10.5381875
15,9.051222222222222
15,10.244363636363635
15,10.729666666666667
15,9.469739130434782
15,9.066333333333333
15,10.047125
15,10.210099999999999
15,1.8772121212121209
15,1.4293043478260865
15,11.176142857142857
15,10.2634
15,2.5774999999999997
15,3.087952380952381
15,2.2513181818181813
15,9.30088
15,2.4597916666666664
15,10.26625
15,1.5351190476190473
15,11.070153846153845
15,10.2414
15,8.699125
15,3.3385757575757573
15,10.529166666666667
15,11.492
15,10.27925
15,9.978666666666667
15,2.987428571428571
15,2.9557499999999997
15,8.665099999999999
15,4.25848275862069
15,8.1974375
15,9.228615384615384
15,2.6133666666666664
15,2.54730303030303
15,10.3636
15,10.998
15,10.181214285714287
15,11.7812
15,10.750499999999999
15,9.525357142857143
15,8.407444444444444
15,2.50186
15,2.1697499999999996
15,2.2928666666666664
15,10.267666666666667
15,12.130875
15,3.157478260869565
15,3.8103846153846153
15,1.8778214285714285
15,2.6323035714285714
15,10.491409090909091
15,9.7494
15,10.351888888888888
15,11.237
15,10.940999999999999
15,9.549999999999999
15,10.171923076923076
15,2.2111999999999994
15,3.9691379310344828
15,10.050333333333334
15,2.1147222222222224
15,7.861538461538461
15,11.183874999999999
15,10.956933333333334
15,9.636090909090909
15,10.523
15,9.707272727272727
15,10.302181818181818
15,2.4864210526315786
15,2.137282608695652
15,9.803
15,3.0479629629629623
15,9.754249999999999
15,9.034749999999999
15,3.379230769230769
15,10.930222222222222
15,9.887166666666666
15,3.998211538461538
15,10.019714285714285
15,10.872083333333332
15,2.510333333333333
15,4.224625
15,9.8278
15,10.182699999999999
15,8.84504761904762
15,9.527235294117647
15,11.255083333333333
15,10.262083333333333
15,8.555428571428571
15,11.0375
15,9.419722222222221
15,10.703071428571429
15,9.000384615384615
15,1.5561923076923077
15,1.5284210526315785
15,10.82542857142857
15,9.231833333333332
15,10.421
15,9.338166666666666
15,10.513142857142856
15,9.63264705882353
15,10.820333333333332
15,10.8119
15,8.573875
15,8.391124999999999
15,7.666642857142857
15,9.936727272727273
15,11.020666666666667
15,11.1297
15,9.323
15,3.2454827586206894
15,9.217649999999999
15,10.466166666666666
15,2.3166571428571423
15,7.354909090909091
15,12.020333333333333
15,10.169555555555556
15,10.7909
15,11.46875
15,9.671222222222221
15,11.030454545454546
15,10.036555555555555
15,7.8243846153846155
15,10.1946875
15,9.944636363636365
15,10.7173
15,9.800333333333333
15,10.043285714285714
15,10.334
15,9.831318181818181
15,2.18755
15,1.8429821428571427
15,10.707166666666666
15,9.356615384615385
15,2.2775636363636362
15,2.4613437499999997
15,8.4595
15,10.843142857142857
15,11.547714285714285
15,9.373222222222221
15,10.450266666666666
15,2.217490196078431
15,8.4339
15,8.25123076923077
15,9.177307692307693
15,8.731285714285713
15,10.433
15,9.701235294117646
15,7.949571428571427
15,8.794777777777778
15,3.4871666666666665
15,10.9304
15,10.234583333333333
15,10.92775
15,9.821636363636363
15,11.219416666666666
15,10.81125
15,2.827928571428571
15,11.341125
15,9.829454545454546
15,9.35592857142857
15,10.036785714285713
15,10.625727272727273
15,10.670375
15,8.816714285714285
15,1.5959999999999996
15,11.199
15,2.664217391304348
15,10.406625
15,10.218285714285713
15,2.2719444444444443
15,11.271799999999999
15,10.478071428571429
15,10.662416666666667
15,10.2966
15,8.296692307692307
15,2.0482127659574463
15,9.744166666666665
15,10.665055555555556
15,12.623333333333333
15,9.257
15,11.191
15,10.632937499999999
15,9.9187
15,10.149
15,2.1898070175438593
15,9.772142857142857
15,9.3868125
15,11.4485
15,2.4471142857142856
15,11.910499999999999
15,8.896
15,9.60175
15,8.884214285714286
15,9.835222222222223
15,9.970923076923077
15,9.998823529411764
15,2.8451111111111107
15,10.4514
15,10.635923076923076
15,2.541428571428571
15,10.556375
15,11.136333333333333
15,10.1725
15,9.646263157894737
15,10.459
15,3.1453214285714286
15,11.011625
15,1.9225652173913041
15,10.578444444444445
15,2.3065116279069766
15,8.55975
15,8.9495
15,9.114785714285713
15,10.801416666666666
15,1.3520888888888885
15,8.904388888888889
15,9.846
15,11.502666666666666
15,3.7642812499999994
15,11.114777777777777
15,10.655333333333333
15,9.782
15,7.811769230769231
15,10.058133333333334
15,8.517555555555555
15,7.962299999999999
15,10.07225
15,10.841333333333333
15,10.123916666666666
15,11.265428571428572
15,2.0062571428571427
15,9.798294117647059
15,10.02325
15,11.858249999999998
15,12.171999999999999
15,8.254823529411764
15,10.44
15,10.558
15,9.081142857142858
15,9.645230769230768
15,9.922818181818181
15,10.436
15,9.890555555555554
15,2.1451315789473684
15,9.0365
15,8.639777777777779
15,10.072083333333332
15,9.932625
15,10.2379
15,10.950666666666665
15,2.0176666666666665
15,9.3792
15,9.334692307692308
15,8.944230769230769
15,9.181666666666667
15,1.6071666666666664
15,10.353285714285715
15,9.992416666666665
15,9.412090909090908
15,10.267823529411764
15,9.589933333333333
15,11.947666666666667
15,2.810416666666666
15,7.721499999999999
15,9.5575
15,10.60175
15,9.384785714285714
15,9.20475
15,2.1955
15,10.134571428571428
15,2.972041666666666
15,10.921083333333334
15,3.020965517241379
15,1.9976451612903223
15,10.288285714285713
15,9.625692307692308
15,8.6395
15,9.5095
15,3.2607647058823526
15,10.543916666666666
15,8.53425
15,10.2272
15,10.844461538461537
15,1.6022580645161288
15,1.6489999999999996
15,9.028357142857143
15,8.833266666666667
15,10.70565
15,8.615733333333333
15,3.0953666666666666
15,8.659857142857144
15,10.19111111111111
15,10.181894736842105
15,10.197
15,9.829533333333332
15,9.537642857142856
15,10.4216
15,2.9868124999999996
15,9.225166666666667
15,2.378869565217391
15,10.460222222222221
15,10.313799999999999
15,9.911846153846154
15,9.9275
15,8.1595
15,8.998090909090909
15,8.50009090909091
15,12.0105
15,10.043999999999999
15,9.713384615384616
15,9.977588235294117
15,9.390875
15,10.821833333333334
15,1.8188124999999997
15,9.457058823529412
15,8.260071428571429
15,8.926571428571428
15,4.1995
15,9.929666666666666
15,10.7189
15,9.753272727272726
15,10.291599999999999
15,9.19635294117647
15,2.7137749999999996
15,1.1883333333333332
15,2.4999210526315787
15,9.774636363636363
15,9.7618
15,3.4043124999999996
15,9.982666666666667
15,11.41992857142857
15,10.178857142857142
15,6.8221
15,9.7618
15,2.1981666666666664
15,10.065142857142858
15,2.6746086956521737
15,9.868384615384615
15,9.685749999999999
15,8.802
15,10.756
15,9.904874999999999
15,11.69125
15,11.751875
15,11.804499999999999
15,9.217769230769232
15,9.870833333333334
15,9.753384615384615
15,10.75909090909091
15,2.7191904761904757
15,10.818642857142857
15,9.363928571428572
15,9.892
15,8.411928571428572
15,9.366
15,11.767333333333333
15,10.890461538461539
15,10.543
15,8.702454545454545
15,1.7667941176470585
15,9.276
15,10.931818181818182
15,8.972999999999999
15,9.557666666666666
15,9.498199999999999
15,9.6337
15,9.129538461538461
15,8.927235294117647
15,11.263666666666666
15,8.630153846153846
15,1.410473684210526
15,9.702
15,10.27211111111111
15,7.7777692307692305
15,11.345714285714285
15,9.328941176470588
15,10.570083333333333
15,1.7603396226415091
15,10.512375
15,3.618666666666666
15,10.541785714285714
15,9.172636363636364
15,1.7027999999999999
15,11.245166666666666
15,10.493500000000001
15,8.060727272727272
15,8.013526315789473
15,2.879627450980392
15,2.7404
15,11.49544
15,8.59176923076923
15,10.300384615384615
15,1.9117727272727272
15,9.3546
15,10.380166666666666
15,12.262500000000001
15,9.102727272727273
15,9.371454545454545
15,8.433333333333332
15,12.2806
15,9.71411111111111
15,1.800242424242424
15,9.967888888888888
15,10.761375
15,8.464777777777778
15,10.498052631578947
15,1.75376923076923
15,10.956153846153846
15,9.925952380952381
15,2.289791666666667
15,10.211611111111111
15,9.5405
15,9.374749999999999
15,10.495583333333332
15,9.806166666666666
15,2.9278124999999995
15,10.5104
15,2.1909999999999994
15,9.726222222222223
15,9.568473684210526
15,9.688
15,8.514411764705882
15,9.850875
15,1.7714090909090905
15,9.3626
15,1.9344827586206894
15,11.552
15,1.39785
15,7.1370555555555555
15,2.2769583333333334
15,10.4979375
15,11.647874999999999
15,1.0825999999999996
15,10.143583333333332
15,11.254666666666667
15,2.4923181818181814
15,10.5076875
15,9.416722222222223
15,9.251166666666666
15,10.725375
15,9.2594375
15,9.406588235294118
15,9.265818181818181
15,11.009333333333332
15,9.859714285714285
15,9.8283
15,7.2101999999999995
15,8.5375
15,3.206307692307692
15,10.5786
15,11.242615384615384
15,10.370692307692307
15,1.429285714285714
15,2.4721499999999996
15,10.93176923076923
15,10.6052
15,10.046076923076923
15,9.608090909090908
15,8.665625
15,2.144941176470588
15,10.909315789473684
15,10.599666666666666
15,2.287260869565217
15,12.7578
15,10.825833333333334
15,8.782933333333332
15,11.454333333333333
15,10.226777777777778
15,10.4995625
15,1.4730555555555553
15,9.840833333333332
15,9.866875
15,8.337
15,9.418846153846154
15,2.8377499999999998
15,2.540742857142857
15,9.908375
15,3.339958333333333
15,8.9353
15,11.695666666666666
15,10.151142857142856
15,9.512
15,10.601333333333333
15,2.119259259259259
15,11.097923076923076
15,11.2479
15,10.469999999999999
15,10.416333333333334
15,9.687111111111111
15,9.1769
15,10.317466666666666
15,10.658615384615384
15,9.631
15,11.238
15,7.164000000000001
15,10.728375
15,9.3575
15,10.942799999999998
15,10.4404
15,11.283615384615384
15,8.861642857142858
15,10.113555555555555
15,11.356
15,10.500166666666665
15,1.3772142857142853
15,9.2514
15,9.028454545454546
15,9.806142857142857
15,8.984166666666667
15,10.240933333333333
15,3.3202692307692305
15,10.158416666666666
15,10.059642857142856
15,10.008153846153846
15,11.488181818181818
15,9.323
15,9.065399999999999
15,11.993545454545455
15,2.108333333333333
15,10.926181818181819
15,11.382090909090909
15,2.2037692307692303
15,11.065555555555555
15,10.112
15,10.447000000000001
15,8.9235
15,9.812299999999999
15,8.292923076923076
15,9.313222222222223
15,8.581333333333333
15,9.34375
15,7.923272727272727
15,2.141608695652174
15,10.51
15,0.9569999999999999
15,7.742
15,11.586555555555556
15,7.541333333333333
15,9.729583333333332
15,10.175125
15,10.199666666666666
15,9.214428571428572
15,8.854999999999999
15,1.9802499999999998
15,12.084666666666665
15,7.967090909090909
15,8.158
15,2.347076923076923
15,9.11085
15,10.323142857142857
15,9.911944444444444
15,10.059555555555555
15,8.360785714285713
15,11.023
15,8.506846153846153
15,10.9833
15,1.9245909090909086
15,10.297
15,11.5162
15,9.302624999999999
15,10.852374999999999
15,9.742470588235294
15,9.6889
15,8.936181818181817
15,1.3505357142857142
15,9.330157894736843
15,1.3651249999999997
15,6.70275
15,2.1567
15,8.988562499999999
15,10.859285714285713
15,9.151857142857143
15,12.047
15,1.7093333333333331
15,9.8242
15,8.740916666666667
15,9.664133333333332
15,10.45675
15,9.786777777777777
15,11.292
15,9.2835
15,10.408933333333334
15,2.1799305555555555
15,9.945333333333332
15,11.305333333333333
15,10.8032
15,11.593375
15,11.283285714285714
15,10.4952
15,10.116888888888889
15,11.1
15,9.557722222222221
15,9.86675
15,9.369947368421052
15,9.11835
15,1.6186818181818179
15,2.0692592592592587
15,10.361818181818181
15,10.577285714285713
15,11.343125
15,11.641399999999999
15,9.296454545454544
15,10.2189
15,1.9396296296296294
15,8.986249999999998
15,3.085823529411764
15,8.9322
15,10.340153846153846
15,12.18625
15,9.3786
15,10.382166666666667
15,10.8935
15,2.7188461538461532
15,10.4005
15,10.48425
15,10.519625
15,8.328181818181818
15,9.989846153846154
15,10.807666666666666
15,10.202444444444444
15,10.288
15,9.591833333333332
15,2.887317073170731
15,1.451333333333333
15,8.886666666666667
15,10.4238125
15,10.348428571428572
15,9.671285714285714
15,1.9954999999999998
15,10.08025
15,9.26
15,1.4078260869565218
15,2.4335999999999998
15,11.17
15,1.203894736842105
15,10.440333333333333
15,2.700238095238095
15,2.4455714285714283
15,9.4285
15,10.842333333333332
15,11.200375
15,2.506607142857143
15,10.9415
15,3.2429999999999994
15,9.76925
15,8.277999999999999
15,1.9541904761904758
15,8.6864
15,10.859428571428571
15,9.829222222222223
15,11.409636363636364
15,10.188625
15,3.154083333333333
15,10.433399999999999
15,7.6015
15,8.818
15,10.227777777777778
15,11.907
15,10.10388888888889
15,7.802888888888889
15,11.0365
15,4.7115294117647055
15,9.6595
15,9.852285714285713
15,2.7594761904761906
15,3.043333333333333
15,8.870166666666666
15,2.021942857142857
15,2.4494
15,9.762153846153845
15,10.7331
15,9.733600000000001
15,10.518923076923077
15,10.39275
15,10.886
15,9.629090909090909
15,9.706111111111111
15,9.8821
15,9.9731875
15,3.2042777777777776
15,9.748636363636363
15,9.8373125
15,10.793
15,10.8038
15,10.667733333333333
15,3.0027
15,10.97642857142857
15,10.330111111111112
15,9.8538
15,10.6205
15,1.3712045454545452
15,12.397833333333333
15,10.076833333333333
15,10.613545454545454
15,10.5167
15,10.187333333333333
15,9.5646875
15,8.939785714285714
15,12.82
15,10.02990909090909
15,10.211142857142857
15,10.89125
15,10.568874999999998
15,8.70525
15,10.617727272727272
15,9.03
15,8.787272727272727
15,10.247444444444444
15,11.120777777777779
15,10.40425
15,10.012571428571428
15,10.008714285714285
15,2.089064516129032
15,10.670285714285713
15,2.084324324324324
15,9.5951
15,9.092600000000001
15,9.716714285714286
15,9.0581
15,9.405555555555555
15,9.363
15,10.453714285714286
15,8.04375
15,9.788833333333333
15,10.2727
15,10.692583333333333
15,3.2627499999999996
15,2.492068965517241
15,2.561
15,11.09511111111111
15,10.063571428571429
15,9.221363636363636
15,1.6157499999999998
15,10.942625
15,8.942538461538462
15,11.89775
15,10.32
15,10.4881
15,8.513625
15,1.4472647058823527
15,9.5314
15,9.475
15,9.826083333333333
15,9.034666666666666
15,9.6365
15,9.815076923076923
15,11.790799999999999
15,1.6548181818181813
15,1.3903714285714284
15,10.096583333333333
15,7.9039
15,9.744176470588235
15,9.34925
15,11.820333333333332
15,11.7365
15,8.006076923076924
15,9.334
15,9.943874999999998
15,3.544425531914893
15,2.7976818181818177
15,2.0990714285714285
15,11.214166666666667
15,9.972777777777777
15,11.086125
15,8.812375
15,11.073333333333332
15,10.942666666666666
15,9.994333333333334
15,9.358071428571428
15,11.249777777777778
15,9.5032
15,9.605666666666666
15,11.295833333333333
15,9.9861875
15,8.157444444444444
15,6.939222222222222
15,9.426499999999999
15,1.801953488372093
15,10.642
15,3.4059459459459456
15,10.8338
15,3.0715937499999995
15,2.6796774193548387
15,10.108272727272727
15,10.1035
15,9.429181818181817
15,2.803375
15,11.181000000000001
15,9.209999999999999
15,9.29142857142857
15,10.7973
15,1.9022
15,8.9666
15,11.9416
15,9.064272727272726
15,3.4588181818181813
15,9.973375
15,10.184833333333334
15,2.3409999999999997
15,9.2334
15,10.062818181818182
15,9.801666666666666
15,10.4185
15,9.97809090909091
15,11.5335
15,8.296857142857142
15,9.583454545454545
15,10.139
15,8.441333333333333
15,8.955882352941176
15,11.152714285714286
15,1.2891666666666666
15,11.5277
15,9.6214
15,11.195
15,10.572
15,9.286999999999999
15,11.339222222222222
15,9.6495
15,10.728428571428571
15,7.356800000000001
15,10.979857142857142
15,6.416888888888889
15,11.244666666666665
15,10.182375
15,3.0358571428571426
15,10.068777777777777
15,3.3006470588235293
15,9.872
15,4.2972222222222225
15,11.329
15,1.560363636363636
15,10.003499999999999
15,9.8891
15,11.0145
15,2.294809523809523
15,11.113999999999999
15,9.172666666666666
15,10.6762
15,10.124666666666666
15,10.397166666666667
15,1.2435714285714285
15,9.799833333333332
15,10.178249999999998
15,11.167166666666667
15,8.429846153846153
15,9.153615384615383
15,11.71075
15,11.7264
15,11.498166666666666
15,2.3267857142857142
15,2.676891891891892
15,10.695599999999999
15,1.8868846153846153
15,8.680857142857143
15,10.254166666666666
15,9.988666666666667
15,1.1029285714285713
15,12.055
16,9.103875
16,7.687428571428572
16,3.9988749999999995
16,2.2090185185185183
16,3.516736842105263
16,10.379461538461538
16,10.823615384615383
16,9.567785714285714
16,2.0596249999999996
16,8.7161
16,11.196882352941175
16,10.018849999999999
16,3.6609999999999996
16,2.5238529411764703
16,11.126
16,8.374941176470587
16,10.674521739130435
16,5.103833333333333
16,1.7432558139534882
16,10.156
16,2.2713225806451613
16,2.9146896551724137
16,1.9112727272727272
16,3.2645531914893615
16,10.340428571428571
16,10.924222222222223
16,9.882090909090909
16,11.367999999999999
16,2.52059375
16,10.801444444444444
16,3.97653125
16,2.4438604651162787
16,3.0176274509803918
16,3.36228947368421
16,9.3205
16,1.8827749999999999
16,8.926866666666665
16,10.323333333333332
16,2.430024390243902
16,9.732363636363635
16,10.2501875
16,2.9179999999999997
16,9.180444444444444
16,3.296179487179487
16,4.251658536585365
16,2.1357619047619045
16,2.4787749999999997
16,10.32929411764706
16,9.8211
16,9.250625
16,9.69075
16,3.6944761904761902
16,9.609916666666667
16,7.77348
16,3.466296296296296
16,10.918571428571427
16,5.3091607142857145
16,3.811634146341463
16,2.5676486486486483
16,2.076428571428571
16,1.8102083333333334
16,10.134461538461538
16,10.558125
16,1.934953271028037
16,7.874124999999999
16,9.751545454545454
16,3.3499354838709676
16,7.935117647058823
16,10.596
16,2.406333333333333
16,2.1718571428571427
16,9.75290909090909
16,11.176
16,11.713777777777779
16,5.536212121212121
16,2.1002461538461534
16,2.6716153846153845
16,2.5634374999999996
16,8.841592592592592
16,10.7212
16,4.178396226415094
16,4.732560975609756
16,2.3103888888888884
16,2.6300649350649348
16,10.660615384615385
16,11.042363636363635
16,5.4103055555555555
16,8.8314375
16,1.7931272727272725
16,1.9557096774193545
16,9.719444444444445
16,10.638166666666665
16,9.67811111111111
16,3.6682830188679243
16,3.727722222222222
16,11.141727272727273
16,11.531285714285714
16,9.751
16,11.041166666666665
16,2.3604255319148932
16,2.5062999999999995
16,3.6239666666666666
16,10.363222222222223
16,3.161472727272727
16,2.9854193548387093
16,9.385947368421052
16,1.391552631578947
16,4.792035714285714
16,9.07575
16,10.571416666666666
16,3.5039583333333333
16,9.91553846153846
16,6.3305
16,2.698462962962963
16,1.7596799999999997
16,2.58125
16,2.2997083333333332
16,11.571214285714285
16,10.2963
16,11.27
16,3.5359019607843134
16,9.8042
16,2.4449487179487175
16,9.689307692307692
16,2.3353673469387752
16,10.189727272727273
16,10.4646875
16,3.5854999999999997
16,1.0678235294117644
16,9.596166666666665
16,9.861374999999999
16,8.280157894736842
16,2.1012499999999994
16,2.0841851851851847
16,3.7705217391304346
16,11.507142857142856
16,10.934999999999999
16,10.149249999999999
16,10.043666666666667
16,10.186625
16,5.4742
16,11.6905
16,10.715
16,3.488393939393939
16,7.573444444444444
16,4.3754285714285714
16,2.608842105263158
16,10.417571428571428
16,8.9072
16,10.906166666666666
16,3.0709310344827583
16,2.9856296296296296
16,8.916583333333334
16,10.554
16,4.9892352941176465
16,10.086749999999999
16,9.447
16,10.46811111111111
16,3.7869814814814813
16,3.878135135135135
16,7.747142857142856
16,3.449695652173913
16,2.145546875
16,2.7162641509433962
16,10.647833333333333
16,8.673181818181817
16,4.112151515151515
16,10.239857142857142
16,9.217733333333333
16,7.61274074074074
16,10.473272727272727
16,9.576363636363636
16,11.0315
16,2.88475
16,3.095672727272727
16,9.3396875
16,4.309909090909091
16,2.803086956521739
16,2.5475
16,4.297372093023256
16,9.022
16,9.430882352941175
16,11.47642857142857
16,10.748999999999999
16,9.837153846153846
16,3.0280294117647055
16,11.4455
16,3.3499
16,3.703310344827586
16,2.3815
16,9.651454545454545
16,7.510529411764706
16,3.9359545454545453
16,11.157538461538461
16,8.585727272727272
16,1.5775357142857138
16,1.2271296296296295
16,4.769521739130434
16,9.671999999999999
16,8.648588235294117
16,2.3529032258064513
16,4.128962962962962
16,11.240777777777778
16,8.7905
16,3.7120499999999996
16,9.291
16,10.208625
16,9.985125
16,9.55175
16,1.5334374999999998
16,2.459115384615384
16,9.4545
16,10.333272727272726
16,9.673833333333333
16,3.2548275862068965
16,3.639243243243243
16,11.389285714285714
16,1.5160701754385963
16,9.412625
16,10.729083333333334
16,9.180299999999999
16,9.941846153846154
16,10.972176470588234
16,3.1687924528301883
16,2.6047999999999996
16,9.766124999999999
16,9.845142857142857
16,8.0646
16,9.84676923076923
16,10.700857142857142
16,10.770999999999999
16,10.978882352941175
16,10.815666666666667
16,6.785785714285714
16,2.786108108108108
16,10.603866666666667
16,8.940533333333333
16,7.655562499999999
16,3.7838999999999996
16,9.870727272727272
16,4.745136363636363
16,9.965545454545454
16,8.852230769230768
16,9.685571428571428
16,9.975846153846154
16,2.308033333333333
16,2.4774999999999996
16,11.2246875
16,9.735285714285714
16,2.095066666666666
16,10.766857142857143
16,11.296857142857142
16,2.1169473684210525
16,11.467625
16,10.892222222222221
16,5.140571428571428
16,8.558307692307691
16,9.352
16,9.616166666666667
16,3.286627450980392
16,10.179333333333332
16,8.504588235294117
16,10.3725
16,10.025333333333332
16,10.667545454545454
16,11.330769230769231
16,10.354
16,10.866076923076923
16,2.9739130434782606
16,9.212222222222222
16,8.9885
16,9.180571428571428
16,9.542222222222222
16,11.49742857142857
16,10.853
16,10.407222222222222
16,9.1772
16,9.741999999999999
16,9.909624999999998
16,3.161631578947368
16,10.312199999999999
16,9.711090909090908
16,10.517999999999999
16,11.6268
16,10.062
16,9.662428571428572
16,8.3505
16,5.444785714285714
16,9.727307692307692
16,8.681999999999999
16,9.161785714285715
16,3.044322580645161
16,9.136333333333333
16,9.698888888888888
16,10.355125
16,11.2231
16,7.965230769230769
16,10.576357142857143
16,11.284
16,10.384799999999998
16,10.014260869565216
16,9.468166666666667
16,10.115266666666667
16,10.794692307692308
16,10.53142857142857
16,3.511172413793103
16,10.148538461538461
16,10.630625
16,10.0635
16,11.315866666666667
16,10.755
16,8.086866666666666
16,10.4893
16,2.0329166666666665
16,2.5632307692307688
16,9.965176470588235
16,10.742899999999999
16,10.476125
16,9.85275
16,10.004916666666666
16,9.444833333333333
16,10.652
16,10.82011111111111
16,10.500625
16,10.51
16,11.170571428571428
16,8.760333333333334
16,10.02845
16,10.821714285714286
16,11.552583333333333
16,11.054666666666666
16,3.3329999999999997
16,9.4094
16,9.982461538461537
16,9.31875
16,1.6471249999999997
16,9.0716
16,10.093076923076923
16,11.323538461538462
16,9.716538461538462
16,10.344
16,9.205222222222222
16,10.739785714285714
16,10.923499999999999
16,9.557933333333333
16,9.2136
16,4.123166666666666
16,9.99088888888889
16,11.132166666666667
16,3.299941176470588
16,9.940142857142858
16,9.7036
16,8.969384615384616
16,1.653583333333333
16,8.968222222222222
16,10.940416666666666
16,11.809666666666667
16,9.33092857142857
16,2.891387096774193
16,8.95675
16,9.423636363636364
16,10.202411764705882
16,9.348692307692307
16,8.325
16,9.114357142857143
16,8.52425
16,9.8606
16,2.733833333333333
16,1.7768749999999998
16,9.703857142857142
16,2.377074074074074
16,10.710916666666666
16,9.659699999999999
16,10.1115625
16,11.441749999999999
16,10.662125
16,11.1952
16,12.3454
16,4.292852459016394
16,9.523909090909092
16,10.426166666666665
16,10.2279375
16,2.140764705882353
16,9.999749999999999
16,8.3315
16,10.828125
16,10.630428571428572
16,10.6232
16,8.7515
16,11.462615384615384
16,9.387611111111111
16,9.92025
16,9.432176470588235
16,8.5543
16,2.5731599999999997
16,9.142428571428571
16,10.794299999999998
16,8.539263157894737
16,10.686333333333334
16,9.600399999999999
16,9.705
16,10.563625
16,2.7424117647058823
16,8.821599999999998
16,8.936055555555555
16,9.529142857142856
16,11.873333333333333
16,3.6641388888888886
16,2.5578260869565215
16,9.878909090909092
16,9.825416666666666
16,11.956777777777777
16,11.288
16,11.310181818181817
16,11.964333333333332
16,9.987333333333332
16,10.123833333333334
16,10.415076923076922
16,9.6462
16,11.0284
16,1.9945090909090906
16,10.9264
16,10.187777777777777
16,10.7795
16,3.310586956521739
16,8.598624999999998
16,10.643466666666667
16,10.8375
16,8.484
16,9.251166666666666
16,11.4029
16,9.8146875
16,10.19311111111111
16,10.455923076923076
16,8.13725
16,10.572166666666666
16,10.939454545454545
16,2.9797179487179486
16,7.680428571428571
16,10.610375
16,10.344249999999999
16,9.499066666666666
16,2.9778249999999997
16,10.56425
16,10.94690909090909
16,10.893083333333333
16,9.838999999999999
16,8.309099999999999
16,11.186499999999999
16,11.2347
16,3.443170731707317
16,8.085545454545455
16,10.36
16,10.37875
16,11.201333333333334
16,8.267999999999999
16,11.5985
16,11.255866666666666
16,11.265428571428572
16,8.62653846153846
16,8.746142857142857
16,10.363999999999999
16,9.468823529411765
16,9.654142857142856
16,10.348416666666665
16,11.173214285714286
16,9.302999999999999
16,3.0381199999999997
16,9.127545454545455
16,2.478128205128205
16,8.2203
16,10.456866666666667
16,8.921285714285714
16,10.971142857142857
16,9.012875
16,9.917636363636364
16,10.704999999999998
16,5.402962962962962
16,8.73970588235294
16,10.871166666666667
16,8.741875
16,10.473142857142857
16,10.6859
16,10.231222222222222
16,8.8134
16,9.432625
16,8.963
16,9.9315
16,9.7807
16,10.79175
16,9.321666666666665
16,9.919374999999999
16,9.713399999999998
16,10.354285714285714
16,10.858090909090908
16,11.165307692307692
16,9.772375
16,2.8101875
16,9.570571428571428
16,10.765875000000001
16,11.279444444444444
16,8.911166666666666
16,9.696285714285713
16,9.67311111111111
16,11.265
16,10.6765
16,9.170666666666666
16,11.246285714285715
16,10.003
16,9.896714285714285
16,2.39605
16,10.480888888888888
16,9.682642857142858
16,10.721333333333332
16,9.327
16,10.087333333333333
16,9.455083333333333
16,3.7019999999999995
16,7.891583333333333
16,11.520875
16,9.039222222222222
16,9.279666666666667
16,10.807764705882352
16,10.0511
16,10.600769230769231
16,10.974874999999999
16,10.460727272727272
16,1.7046842105263156
16,10.664444444444444
16,10.260529411764706
16,11.289222222222222
16,10.261222222222221
16,11.468857142857143
16,10.699
16,10.233461538461539
16,8.259833333333333
16,9.464
16,10.778699999999999
16,11.10764705882353
16,9.541590909090909
16,9.320384615384615
16,11.1588
16,8.72835294117647
16,2.4981666666666666
16,9.209999999999999
16,10.569666666666667
16,10.152363636363637
16,2.4175555555555555
16,7.937846153846153
16,9.856714285714286
16,11.356
16,11.107666666666667
16,8.93231818181818
16,9.783909090909091
16,10.636499999999998
16,9.286875
16,3.013684210526316
16,9.149888888888889
16,8.799785714285713
16,9.081333333333333
16,12.033
16,9.808666666666667
16,9.754428571428571
16,1.5932916666666666
16,10.739230769230769
16,10.918
16,7.6290555555555555
16,11.226818181818182
16,3.5394444444444444
16,10.4483
16,10.292625000000001
16,9.924636363636363
16,10.4906
16,10.90575
16,10.364833333333333
16,8.8342
16,11.57925
16,9.67
16,11.6145
16,3.6703809523809516
16,10.054499999999999
16,2.9117142857142855
16,2.8501851851851847
16,11.2617
16,9.403333333333334
16,10.442714285714285
16,8.1565625
16,10.2341
16,10.438692307692307
16,2.62262
16,8.82692857142857
16,2.839641025641025
16,2.2045
16,7.530499999999999
16,9.907692307692308
16,10.48625
16,10.8652
16,9.973374999999999
16,10.544153846153847
16,9.941384615384615
16,7.658727272727273
16,6.2717857142857145
16,9.924111111111111
16,2.2738461538461534
16,10.1508
16,2.4929999999999994
16,8.567499999999999
16,1.340173913043478
16,9.177416666666666
16,10.124222222222222
16,11.07325
16,2.9058124999999997
16,1.8696666666666664
16,11.059249999999999
16,4.298764705882353
16,10.657375
16,10.509066666666666
16,8.124
16,10.392153846153846
16,9.5982
16,3.724875
16,9.166230769230769
16,10.347181818181818
16,2.484384615384615
16,10.427444444444443
16,1.5113571428571426
16,11.1304
16,8.741833333333332
16,3.113272727272727
16,9.746857142857143
16,9.986166666666668
16,10.523333333333333
16,8.2176
16,9.414307692307691
16,9.248846153846154
16,9.666214285714286
16,9.191133333333333
16,8.495454545454544
16,9.6891
16,9.918444444444445
16,11.055
16,10.5620625
16,1.9582456140350872
16,9.176357142857142
16,10.15275
16,1.2386842105263156
16,5.9032857142857145
16,10.9718
16,10.460083333333333
16,7.1557272727272725
16,9.349058823529411
16,10.66725
16,11.2064
16,10.307529411764706
16,9.602333333333332
16,2.171588235294118
16,11.868625
16,7.081052631578947
16,10.631875
16,11.211599999999999
16,10.37190909090909
16,9.76525
16,2.5589999999999993
16,10.500769230769231
16,10.127727272727272
16,10.3448
16,10.573285714285714
16,2.87675
16,3.7413571428571424
16,8.812375
16,11.10511111111111
16,10.264857142857142
16,8.490333333333334
16,8.551166666666667
16,11.133875
16,10.174368421052632
16,10.495333333333333
16,11.355799999999999
16,10.451454545454546
16,9.371166666666666
16,9.0001
16,10.643375
16,1.2316923076923074
16,1.3181304347826084
16,3.586555555555555
16,10.129454545454545
16,3.0481999999999996
16,7.919
16,3.2249230769230763
16,12.0598
16,10.3305625
16,11.0749
16,10.883199999999999
16,1.8012
16,2.775276595744681
16,10.148666666666667
16,10.075636363636363
16,8.9146875
16,10.311499999999999
16,9.893666666666666
16,2.968733333333333
16,10.890099999999999
16,8.270249999999999
16,10.518181818181818
16,12.048666666666666
16,9.591272727272727
16,8.697444444444445
16,6.9364
16,9.749
16,12.5032
16,1.5080999999999998
16,9.7942
16,11.303333333333333
16,8.763166666666667
16,9.532
16,9.276533333333333
16,2.454357142857143
16,10.303833333333333
16,10.1175
16,10.1586
16,10.240944444444445
16,11.480142857142857
16,9.27753846153846
16,10.619428571428571
16,7.077
16,2.072613636363636
16,2.5107741935483867
16,9.019
16,10.248117647058823
16,1.186181818181818
16,9.386181818181818
16,9.600909090909092
16,10.0578
16,9.18
16,11.019333333333334
16,8.98090909090909
16,2.7991499999999996
16,5.600833333333333
16,9.93342857142857
16,9.994666666666667
16,8.4551
16,10.721333333333332
16,2.980375
16,1.3396666666666663
16,9.668941176470588
16,8.06576923076923
16,3.2452142857142854
16,2.5586666666666664
16,7.9573
16,10.325642857142856
16,10.591363636363635
16,9.328
16,4.3716
16,8.67723076923077
16,9.924363636363635
16,9.321769230769231
16,10.225833333333334
16,9.19675
16,4.891378378378378
16,9.818142857142858
16,8.143916666666666
16,10.802083333333332
16,9.3544
16,3.7279999999999998
16,9.720454545454546
16,9.283333333333333
16,10.974799999999998
16,10.726846153846154
16,3.8725681818181816
16,9.074124999999999
16,11.339125
16,10.365214285714286
16,8.134599999999999
16,1.8598235294117647
16,5.254904761904761
16,8.636076923076923
16,9.607923076923075
16,10.3559
16,2.182491228070175
16,8.741071428571429
16,2.4713913043478257
16,10.648666666666667
16,2.929136363636363
16,8.649266666666666
16,11.2292
16,3.4304230769230766
16,9.685
16,10.872571428571428
16,10.80976923076923
16,3.6178749999999997
16,11.074307692307691
16,2.8973863636363633
16,8.0846
16,8.632
16,12.335666666666667
16,11.477285714285713
16,11.6778
16,9.33311111111111
16,3.6988928571428565
16,11.5052
16,1.5102978723404252
16,10.350375
16,10.1544
16,7.961374999999999
16,9.4076
16,1.3452857142857142
16,10.432666666666666
16,10.7355
16,4.758299999999999
16,10.244142857142856
16,10.5878
16,9.401416666666666
16,11.603166666666667
16,1.7848260869565213
16,11.041777777777778
16,9.592
16,10.24
16,8.836333333333332
16,11.0863
16,7.9346
16,3.327095238095238
16,3.1525882352941177
16,3.4267647058823525
16,10.844727272727273
16,9.830571428571428
16,1.8803124999999996
16,10.6154
16,3.8838947368421053
16,11.8584
16,10.879454545454545
16,8.517666666666667
16,10.087357142857142
16,10.5190625
16,8.763333333333332
16,7.988
16,1.9653478260869564
16,11.220285714285714
16,9.601799999999999
16,10.370916666666666
16,2.1959230769230764
16,9.851799999999999
16,11.19390909090909
16,1.977076923076923
16,10.5918
16,8.682
16,11.689818181818183
16,9.968625
16,1.2715405405405404
16,1.6047499999999997
16,8.0824
16,6.941
16,12.0978
16,7.9041999999999994
16,9.84457142857143
16,1.6800333333333328
16,9.353923076923078
16,8.7746
16,8.251888888888889
16,10.609399999999999
16,9.2405
16,9.6965
16,9.8162
16,8.742
16,11.447
16,8.447
16,9.4949
16,9.936444444444444
16,10.9786
16,10.544285714285714
16,11.084692307692308
16,2.4939999999999998
16,9.715315789473683
16,7.788166666666667
16,9.9995
16,9.9894
16,11.621
16,3.063944444444444
16,9.628666666666666
16,3.220439024390244
16,10.03825
16,9.31625
16,10.968833333333333
16,9.8113
16,10.412999999999998
16,11.155888888888889
16,1.1871428571428568
16,11.527999999999999
16,9.9984
16,9.70375
16,2.9463571428571425
16,11.430285714285715
16,9.329999999999998
16,11.332142857142857
16,11.692571428571428
16,9.252454545454546
16,9.126333333333333
16,3.70751724137931
16,10.3586
16,10.103846153846154
16,10.552333333333333
16,6.290454545454545
16,3.7040714285714285
16,2.164571428571428
16,10.4043
16,8.692727272727272
16,3.054785714285714
16,10.369357142857142
16,10.648375
16,10.480666666666666
16,11.432071428571428
16,9.657333333333334
16,8.906058823529412
16,9.137777777777778
16,10.8939
16,11.378833333333333
16,9.345545454545455
16,10.9687
16,10.7544
16,10.881799999999998
16,11.7844
16,9.372222222222222
16,11.250142857142857
16,1.4861249999999995
16,11.095846153846153
16,12.073625
16,10.642499999999998
16,9.363066666666667
16,11.029
16,8.756357142857143
16,9.882299999999999
16,10.61442857142857
16,1.4216578947368417
16,11.1022
16,9.482111111111111
16,2.7919677419354834
16,3.1726249999999996
16,9.543866666666666
16,10.258571428571429
16,10.197153846153846
16,8.95
16,11.482999999999999
16,8.46725
16,5.397333333333333
16,9.956066666666667
16,3.1323749999999997
16,1.2854516129032256
16,8.311833333333333
16,2.995714285714286
16,9.1295
16,12.299666666666667
16,11.257444444444443
16,11.153714285714285
16,10.286714285714284
16,10.884285714285713
16,11.449
16,7.7600999999999996
16,11.326749999999999
16,9.294823529411765
16,9.838166666666666
16,10.548499999999999
16,11.6686
16,9.7375
16,1.2603333333333333
16,9.538777777777778
16,1.4257499999999994
16,9.909222222222223
16,10.1025
16,9.269
16,11.078624999999999
16,11.7652
16,10.3346
16,10.855142857142855
16,10.4755
16,10.976636363636365
16,8.786999999999999
16,12.035777777777778
16,9.98275
16,9.50875
16,9.3028
16,9.4955
16,8.097142857142858
16,11.438749999999999
16,10.969666666666667
16,10.5334
16,10.682599999999999
16,8.971076923076922
16,1.745
16,10.618666666666666
16,8.874125
16,10.078857142857142
16,9.891666666666666
16,3.4121666666666663
16,10.359
16,10.217916666666666
16,11.36
16,10.4624
16,8.842
16,3.2168888888888887
16,11.16525
16,10.18675
16,11.464166666666667
16,12.0292
16,10.666230769230769
16,10.018666666666666
16,2.517272727272727
16,11.3075
16,9.53425
16,1.4880909090909087
16,9.128
16,1.824727272727272
16,2.411058823529412
16,2.3961999999999994
16,11.13525
16,2.4042941176470585
16,9.4115
16,10.0644
16,12.536333333333333
17,3.647
17,10.925125
17,11.428090909090908
17,9.2376
17,2.3462142857142854
17,2.806809523809523
17,9.303266666666666
17,10.219199999999999
17,1.517142857142857
17,3.651292682926829
17,10.570857142857143
17,3.245326923076923
17,2.781705882352941
17,10.292454545454545
17,9.960666666666667
17,2.8691081081081076
17,8.773285714285715
17,10.885
17,2.1787499999999995
17,9.8759375
17,1.5639354838709674
17,3.20765625
17,10.873384615384616
17,1.3864499999999995
17,12.174285714285714
17,10.626461538461538
17,1.9861874999999996
17,2.908083333333333
17,11.102
17,9.062666666666667
17,10.422307692307692
17,8.69476923076923
17,2.220230769230769
17,9.280166666666666
17,10.056555555555555
17,4.10490625
17,10.779124999999999
17,8.8795
17,11.4942
17,10.565874999999998
17,11.281785714285714
17,8.0959375
17,8.1702
17,4.4534666666666665
17,11.073
17,10.710374999999999
17,2.455558139534883
17,9.110333333333333
17,2.5970434782608693
17,2.2419374999999997
17,10.426333333333334
17,4.333562499999999
17,2.863853658536585
17,1.83595652173913
17,9.1984
17,10.383799999999999
17,8.688235294117646
17,10.531833333333333
17,11.321285714285715
17,2.2648653846153843
17,3.0678333333333327
17,4.050307692307692
17,9.581736842105263
17,1.3606249999999998
17,4.1069104477611935
17,10.407545454545454
17,3.522571428571428
17,3.891073170731707
17,10.015636363636364
17,9.8315
17,8.418857142857142
17,10.782714285714285
17,2.2356585365853654
17,1.2685303030303028
17,11.602285714285713
17,3.9378749999999996
17,9.19
17,8.109384615384615
17,8.9858
17,11.199583333333333
17,3.5178095238095235
17,10.518333333333333
17,9.582049999999999
17,2.1508181818181815
17,1.6407894736842101
17,9.812571428571427
17,9.773777777777777
17,9.819666666666667
17,2.3235937499999997
17,3.984454545454545
17,9.190933333333334
17,1.2542222222222221
17,8.10565
17,4.693379310344827
17,9.517142857142856
17,10.17
17,10.978071428571429
17,2.333894736842105
17,9.454555555555554
17,12.163857142857141
17,2.46851724137931
17,9.708363636363636
17,9.655399999999998
17,3.680594594594594
17,2.974333333333333
17,8.872250000000001
17,4.341963636363636
17,9.754272727272726
17,9.4773
17,8.859928571428572
17,3.015166666666666
17,1.807117647058823
17,10.125875
17,9.516599999999999
17,9.765
17,10.506666666666666
17,9.397882352941176
17,3.956307692307692
17,11.165
17,4.241410256410256
17,10.084071428571429
17,4.668060606060606
17,8.388
17,10.6402
17,2.621974358974359
17,2.8337777777777773
17,9.479846153846154
17,9.104866666666666
17,1.615432432432432
17,9.835058823529412
17,2.602657142857143
17,9.904272727272726
17,10.443363636363637
17,3.275457142857143
17,4.585935483870967
17,10.596799999999998
17,9.874125
17,10.151714285714286
17,10.402615384615384
17,1.855333333333333
17,2.6156999999999995
17,3.9397674418604645
17,2.3801186440677964
17,9.616624999999999
17,10.559846153846154
17,3.4026571428571426
17,2.1350465116279067
17,3.4389999999999996
17,9.6612
17,2.8964571428571424
17,9.194125
17,10.15190909090909
17,1.4438333333333333
17,2.160307692307692
17,11.275722222222223
17,3.802387096774193
17,2.5467999999999997
17,10.4618
17,10.08464705882353
17,2.0837741935483867
17,8.1387
17,4.216885714285714
17,8.90025
17,2.807454545454545
17,2.281612903225806
17,10.1306
17,10.752333333333333
17,1.4503939393939391
17,9.124545454545455
17,1.6245227272727272
17,9.620071428571428
17,4.657541666666667
17,8.4533
17,4.354571428571428
17,3.0432105263157894
17,4.069821428571428
17,2.6525245901639343
17,10.571933333333332
17,8.906538461538462
17,10.475583333333333
17,2.1494166666666663
17,10.914538461538461
17,9.1714
17,2.4175199999999997
17,1.3368999999999995
17,8.983545454545453
17,4.098486486486486
17,3.5474594594594593
17,9.061818181818182
17,1.6469999999999996
17,9.934214285714285
17,11.364888888888888
17,8.8151875
17,9.735272727272728
17,8.00842857142857
17,4.091204545454546
17,5.161
17,4.359888888888889
17,10.983818181818181
17,2.533173913043478
17,10.4884375
17,9.315333333333333
17,10.911375
17,9.2673
17,1.5301799999999997
17,4.190212765957447
17,2.119266666666666
17,2.5427333333333326
17,9.167933333333332
17,9.479571428571429
17,4.010516129032258
17,10.783
17,10.0393125
17,2.7710714285714286
17,9.024083333333333
17,8.9344
17,10.687
17,8.72176923076923
17,8.994142857142858
17,10.295727272727273
17,8.1025
17,10.667875
17,9.1785
17,8.23475
17,9.6146
17,9.661642857142857
17,3.756272727272727
17,10.328
17,9.351833333333333
17,10.279499999999999
17,1.587333333333333
17,8.9551
17,9.601894736842105
17,10.617636363636363
17,2.9778541666666665
17,9.513333333333334
17,2.8104374999999995
17,10.172384615384615
17,3.2615
17,10.1354
17,9.562884615384615
17,2.8809642857142856
17,3.7669999999999995
17,9.836933333333333
17,9.073
17,8.910846153846153
17,8.714
17,9.612083333333333
17,2.1139677419354834
17,10.750250000000001
17,10.589142857142857
17,9.8989
17,8.643636363636363
17,11.29561111111111
17,8.652166666666666
17,9.490058823529411
17,3.0622999999999996
17,9.313076923076922
17,11.294142857142857
17,9.79581818181818
17,10.86575
17,10.192285714285713
17,9.309636363636363
17,10.600857142857143
17,2.371363636363636
17,8.816999999999998
17,9.567263157894738
17,3.098488372093023
17,5.0750714285714285
17,11.170375
17,10.289
17,11.413733333333333
17,8.736888888888888
17,8.5888
17,8.570823529411765
17,8.693349999999999
17,10.306687499999999
17,9.354133333333333
17,1.6934399999999996
17,10.134833333333333
17,2.7553571428571426
17,10.926
17,9.539466666666666
17,8.0902
17,10.114705882352942
17,10.245111111111111
17,2.5305
17,10.871210526315789
17,1.7830588235294114
17,5.373473684210526
17,9.726909090909091
17,10.10725
17,10.067666666666668
17,10.150384615384615
17,11.225299999999999
17,10.279923076923076
17,10.167599999999998
17,11.499749999999999
17,9.757642857142857
17,10.6391
17,10.241666666666665
17,9.720625
17,10.867727272727272
17,4.782323529411764
17,7.656
17,9.974571428571428
17,11.2111
17,10.27609090909091
17,3.1787142857142854
17,1.5584999999999996
17,5.846612903225806
17,9.263187499999999
17,4.28247619047619
17,10.828928571428571
17,8.279190476190475
17,10.0015
17,2.5556249999999996
17,7.96076923076923
17,11.200875
17,9.8324
17,4.71878
17,11.165625
17,8.714210526315789
17,8.576818181818181
17,9.3575
17,9.9895
17,10.391538461538461
17,9.624142857142857
17,9.109818181818182
17,8.354
17,9.725769230769231
17,9.585363636363637
17,10.178777777777778
17,11.257
17,9.925625
17,8.10723076923077
17,10.286
17,9.151499999999999
17,10.960571428571429
17,11.425692307692309
17,10.438363636363636
17,9.4076875
17,1.7702962962962958
17,10.309
17,9.979153846153846
17,11.097785714285713
17,8.380307692307692
17,9.17616
17,9.343066666666667
17,2.733625
17,9.660857142857141
17,6.279999999999999
17,10.725777777777777
17,8.3833
17,10.825916666666666
17,3.219035714285714
17,10.962153846153846
17,9.520499999999998
17,4.7303235294117645
17,11.039538461538461
17,9.363
17,9.52453846153846
17,10.387307692307692
17,10.119941176470588
17,1.741302325581395
17,8.106333333333334
17,5.490147058823529
17,9.909
17,8.558666666666666
17,10.854090909090909
17,10.7924
17,9.906761904761904
17,9.772777777777778
17,7.995357142857142
17,10.726142857142857
17,10.343
17,9.906692307692307
17,2.051954545454545
17,9.931666666666667
17,8.501384615384616
17,9.836666666666666
17,10.66475
17,4.553315789473683
17,10.901769230769231
17,7.951833333333333
17,9.85375
17,11.0523
17,3.076703703703703
17,8.202
17,10.7805
17,2.8589347826086953
17,2.827785714285714
17,9.624615384615385
17,4.527233333333332
17,10.747727272727271
17,11.215923076923076
17,10.2721875
17,9.200999999999999
17,10.751
17,11.091
17,9.752749999999999
17,10.661181818181818
17,9.097153846153846
17,9.6283
17,10.125399999999999
17,10.399222222222221
17,10.217571428571429
17,9.292545454545454
17,3.206086956521739
17,10.47875
17,10.2655
17,11.058357142857142
17,10.227461538461538
17,9.290818181818182
17,10.913
17,9.727636363636364
17,10.772599999999999
17,11.2933
17,10.65042857142857
17,10.345888888888888
17,9.705866666666665
17,9.2644
17,9.630083333333332
17,10.393363636363636
17,2.7543199999999994
17,11.459666666666665
17,11.342125
17,11.085666666666667
17,9.36725
17,9.789
17,3.4571249999999996
17,11.979
17,10.115923076923076
17,8.230210526315789
17,9.182136363636364
17,8.592285714285714
17,8.616999999999999
17,9.491785714285713
17,10.244636363636364
17,2.909258064516129
17,10.473777777777777
17,2.7446530612244895
17,2.521415384615384
17,9.625954545454546
17,9.720666666666666
17,10.182
17,1.6319999999999995
17,10.344882352941175
17,9.023857142857143
17,9.01123076923077
17,9.288235294117646
17,7.489000000000001
17,9.373315789473684
17,8.566666666666666
17,11.308214285714286
17,8.8409
17,9.961642857142856
17,5.371633333333333
17,9.505692307692307
17,10.918999999999999
17,10.441846153846154
17,7.4781249999999995
17,10.090384615384615
17,3.267472222222222
17,9.905117647058823
17,10.014833333333334
17,8.970916666666668
17,11.258153846153846
17,10.910874999999999
17,2.404413793103448
17,3.1643809523809523
17,3.380028571428571
17,8.919416666666667
17,10.544882352941176
17,8.08468
17,9.158571428571427
17,10.172538461538462
17,10.353333333333333
17,2.3513478260869562
17,9.853333333333332
17,9.378181818181819
17,10.973076923076922
17,9.581818181818182
17,9.780904761904761
17,3.970535714285714
17,9.848454545454546
17,2.1347777777777774
17,8.211
17,2.9634827586206893
17,10.3203
17,9.889461538461537
17,2.8509249999999997
17,10.74275
17,11.453444444444445
17,10.283928571428572
17,9.57125
17,9.154666666666666
17,9.784615384615385
17,8.566368421052632
17,11.267888888888889
17,9.053
17,10.554153846153847
17,8.8884375
17,10.277833333333332
17,10.8307
17,3.9322916666666665
17,3.964
17,9.462307692307691
17,9.448538461538462
17,9.0944
17,2.904285714285714
17,9.936916666666667
17,9.822
17,9.08725
17,10.7499
17,10.4934
17,9.01975
17,9.483285714285715
17,10.776538461538461
17,12.029499999999999
17,10.267
17,3.2998695652173913
17,10.0882
17,1.2516999999999994
17,10.369285714285715
17,10.49761111111111
17,3.9014347826086953
17,3.435272727272727
17,11.0934
17,9.440153846153846
17,11.5825
17,4.319891891891892
17,11.410384615384615
17,9.866764705882353
17,10.881444444444444
17,7.256166666666666
17,10.697714285714286
17,1.415324324324324
17,10.176555555555556
17,10.065
17,9.340888888888887
17,9.41011111111111
17,9.8754
17,3.117548387096774
17,10.116624999999999
17,11.019266666666667
17,9.328545454545454
17,9.8365
17,9.925888888888888
17,8.267466666666666
17,9.799764705882353
17,2.480222222222222
17,1.4917499999999997
17,9.983454545454546
17,10.092090909090908
17,9.165111111111111
17,9.212166666666667
17,4.045869565217391
17,1.324453333333333
17,10.3905
17,10.5466
17,9.873166666666666
17,9.122636363636364
17,10.5115
17,9.262
17,8.2674375
17,11.513153846153847
17,2.845354838709677
17,6.553
17,9.283
17,5.359421052631578
17,10.228428571428571
17,8.533583333333333
17,10.90025
17,8.765
17,10.878374999999998
17,3.1655238095238096
17,9.865941176470589
17,9.943133333333334
17,10.786857142857142
17,10.416
17,4.60815
17,8.326249999999998
17,11.0805
17,8.806142857142857
17,8.440999999999999
17,1.5957083333333328
17,10.099142857142857
17,10.128
17,2.6400344827586206
17,8.210258064516129
17,9.9879
17,8.7866
17,11.1929
17,9.898714285714286
17,10.7411
17,9.756166666666667
17,5.226499999999999
17,10.2994
17,10.468666666666666
17,9.7891
17,10.779428571428571
17,10.430714285714286
17,8.596888888888888
17,8.863
17,10.511
17,9.719714285714286
17,9.648333333333332
17,11.9826
17,9.407636363636364
17,3.1345
17,9.924916666666666
17,9.691083333333333
17,10.2151
17,10.823777777777778
17,9.3646
17,8.875
17,5.2456249999999995
17,10.179272727272727
17,9.602222222222222
17,11.276666666666667
17,5.582
17,3.726176470588235
17,11.57225
17,9.0493
17,9.291588235294117
17,4.256764705882352
17,9.151909090909092
17,8.067214285714286
17,7.687894736842105
17,9.723823529411765
17,11.557
17,11.052857142857142
17,3.9835161290322576
17,8.864666666666666
17,10.965222222222222
17,9.2937
17,8.972222222222221
17,10.5046
17,3.8585714285714285
17,11.63825
17,10.726818181818182
17,2.404733333333333
17,10.924142857142856
17,10.14075
17,5.04935
17,9.6243
17,3.4191777777777776
17,7.498125
17,9.335
17,11.13590909090909
17,8.5329375
17,10.680285714285715
17,9.488199999999999
17,10.264285714285714
17,9.322
17,4.548324324324324
17,10.44225
17,8.731555555555556
17,8.872888888888887
17,10.4981
17,2.7200399999999996
17,10.154
17,3.1339375
17,9.461
17,11.397076923076924
17,10.80725
17,9.012125000000001
17,11.321
17,9.354916666666666
17,10.731461538461538
17,9.753142857142857
17,10.271333333333333
17,11.2238
17,9.344833333333334
17,3.5397777777777772
17,4.967048780487804
17,10.266846153846153
17,10.022333333333334
17,10.141874999999999
17,9.784214285714286
17,2.534235294117647
17,5.002416666666667
17,2.8698799999999998
17,9.678249999999998
17,3.2976341463414633
17,2.8449999999999998
17,11.40988888888889
17,10.260399999999999
17,11.158333333333333
17,9.138434782608696
17,9.939307692307692
17,11.0282
17,2.7701666666666664
17,9.437461538461537
17,10.963
17,10.097571428571428
17,10.4375
17,10.1251
17,10.39011111111111
17,2.868576923076923
17,10.427999999999999
17,11.30976923076923
17,2.975285714285714
17,2.3524090909090907
17,10.146749999999999
17,10.831666666666667
17,0.8872857142857138
17,10.170714285714284
17,10.366444444444445
17,11.299357142857144
17,11.43364705882353
17,12.252624999999998
17,5.8890625
17,9.89576923076923
17,9.679846153846153
17,10.242777777777778
17,10.369399999999999
17,10.078666666666667
17,9.595933333333333
17,9.6009
17,9.841666666666667
17,4.918741935483871
17,8.759374999999999
17,9.477466666666666
17,10.193428571428571
17,10.692583333333333
17,8.666833333333333
17,9.528818181818181
17,1.252142857142857
17,2.6553548387096777
17,9.552857142857142
17,9.7592
17,9.430125
17,10.0327
17,10.255153846153846
17,10.596166666666667
17,9.138625
17,10.7494
17,9.248
17,8.6985
17,1.5642999999999998
17,9.946
17,10.927857142857142
17,12.687
17,9.997384615384615
17,9.9408
17,10.44
17,10.675285714285714
17,11.268888888888888
17,8.4552
17,9.941636363636363
17,2.7269268292682924
17,10.6718
17,2.668285714285714
17,9.771857142857142
17,10.732125
17,9.947454545454546
17,10.61964705882353
17,11.243625
17,10.329833333333333
17,9.77692857142857
17,3.242028571428571
17,8.90775
17,10.2464
17,9.043357142857142
17,9.459142857142856
17,9.837166666666667
17,10.853727272727273
17,8.116125
17,8.480818181818181
17,4.3682727272727275
17,10.027071428571428
17,9.088636363636363
17,10.5037
17,7.650733333333333
17,8.427999999999999
17,9.6187
17,8.554666666666668
17,10.385857142857143
17,10.433166666666667
17,10.350999999999999
17,10.541181818181817
17,8.95021052631579
17,10.865499999999999
17,9.82075
17,11.166799999999999
17,9.47536842105263
17,9.9348
17,10.8176875
17,11.4601
17,10.0376
17,9.425374999999999
17,9.963000000000001
17,10.107714285714286
17,2.921
17,3.772366666666666
17,10.239583333333332
17,11.247571428571428
17,10.5588
17,10.798333333333334
17,8.826272727272727
17,2.0864062499999996
17,10.317142857142859
17,2.684863636363636
17,10.63342857142857
17,12.201333333333332
17,9.53411111111111
17,12.5108
17,8.657933333333332
17,9.411933333333334
17,10.072777777777778
17,9.693
17,11.1375
17,10.934333333333333
17,10.609142857142857
17,3.83965
17,11.328
17,5.502382352941177
17,10.917
17,9.39225
17,10.177
17,4.522384615384615
17,8.069388888888888
17,2.337074074074074
17,10.546222222222223
17,3.1654230769230765
17,8.931076923076922
17,3.822849056603773
17,10.673133333333332
17,9.099333333333334
17,11.448166666666665
17,9.804666666666666
17,8.785692307692308
17,5.740972222222222
17,9.964875
17,9.829444444444444
17,3.6639999999999997
17,10.281333333333333
17,8.043999999999999
17,3.1509166666666664
17,8.049
17,8.622153846153847
17,4.503666666666667
17,9.36875
17,10.097999999999999
17,2.3036499999999998
17,3.6634545454545453
17,3.80225
17,11.498999999999999
17,7.2356
17,10.7821
17,10.245444444444443
17,10.288846153846153
17,8.6391
17,8.712875
17,6.6116785714285715
17,2.6191599999999995
17,7.231384615384615
17,8.5405
17,10.821625
17,11.658571428571427
17,9.451799999999999
17,8.55725
17,7.866124999999999
17,10.396
17,9.894375
17,9.158999999999999
17,4.139660714285714
17,9.45825
17,9.918909090909091
17,7.908571428571428
17,8.7409375
17,1.967555555555555
17,10.982090909090909
17,3.1854999999999998
17,9.4946
17,11.35775
17,9.442625
17,10.914444444444444
17,11.299636363636363
17,9.938833333333333
17,10.493125
17,10.112333333333332
17,10.6731
17,11.45375
17,8.63642857142857
17,2.628170212765957
17,9.542076923076923
17,10.30125
17,10.054571428571428
17,11.031428571428572
17,10.497
17,3.089037037037037
17,11.3225
17,10.403142857142857
17,2.622361111111111
17,10.295428571428571
17,3.8388124999999995
17,3.60526
17,10.315666666666667
17,8.78575
17,11.702428571428571
17,9.743125
17,9.529
17,4.987399999999999
17,8.895727272727273
17,11.444285714285714
17,9.2807
17,8.370583333333332
17,11.274
17,9.12411111111111
17,10.11925
17,8.933
17,9.522499999999999
17,8.760769230769231
17,10.687
17,11.235399999999998
17,11.59325
17,10.9062
17,9.690235294117647
17,4.112411764705882
17,4.272928571428571
17,1.3614444444444445
17,10.681
17,11.505125
17,9.570357142857143
17,8.086181818181817
17,9.451181818181817
17,3.240285714285714
17,3.1056250000000003
17,10.961500000000001
17,1.844157894736842
17,2.968181818181818
17,10.760416666666668
17,3.0102142857142855
17,10.5904
17,9.543199999999999
17,2.0967499999999997
17,4.665357142857142
17,10.914428571428571
17,10.439
17,8.9655
17,9.963285714285714
17,8.864153846153846
17,10.310571428571428
17,9.549444444444445
17,8.637999999999998
17,9.4192
17,3.8285624999999994
17,11.017666666666667
17,8.845545454545455
17,4.250466666666666
17,10.839888888888888
17,9.659727272727272
17,10.274833333333333
17,9.175875
17,7.872375
17,9.556384615384616
17,5.209055555555555
17,10.536
17,9.2825
17,4.422818181818182
17,10.844714285714286
17,8.909181818181818
17,10.59825
17,9.7128
17,10.634374999999999
17,8.90525
17,11.59925
17,11.460833333333333
17,11.0558
17,2.017928571428571
17,8.927
17,3.8789230769230763
17,10.942599999999999
17,1.233676470588235
17,11.4038
17,5.9761999999999995
17,6.524285714285714
17,5.760806451612903
17,8.130714285714285
17,10.091999999999999
17,1.8065454545454545
17,11.611777777777778
17,8.662923076923077
17,10.110777777777777
17,11.688999999999998
17,8.904
17,9.745
17,10.678714285714284
17,11.07975
17,4.287565217391304
17,10.17225
17,5.871999999999999
17,8.9721
17,11.224714285714285
17,3.4830666666666663
17,9.340250000000001
17,1.8689999999999996
17,8.51
17,9.238666666666667
17,10.578666666666665
17,7.828285714285714
17,2.999285714285714
17,10.870166666666666
17,10.5265
17,9.8835
17,10.278749999999999
17,4.083314285714286
17,9.688500000000001
17,11.022
17,11.70825
17,9.349333333333334
17,8.950142857142856
17,10.0923
17,11.440999999999999
17,10.5
17,11.406
